"location","unified_form","url","parent_location","level"
"Abbey-Street","","","",6
"Aberdeen","","","",
"Academy-Street","","","",6
"Addison's Head","","","",
"Addison's-Head","","","",
"Addle-Street","","","",6
"Adelphi","","","",
"Adermary Church Yard","","","",6
"Admiralty","","","",
"Admiralty-Office","","","",
"aforesaid theatre","","","",7
"Air-Street","","","",6
"Albemarle-Street","","","",6
"Aldermanbury","","","",
"Aldermary church yard","","","",6
"Aldermary Church Yard","","","",6
"Aldermary church-yard","","","",6
"Aldermary Church-Yard","","","",6
"Aldersgate","","","",6
"Aldersgate Street","","","",6
"Aldersgate-Street","","","",6
"Aldersgate-street","","","",6
"all and pamphlet-shops","","","",
"all pamphlet-shops","","","",
"Amen-Corner","","","",
"Amsterdam","","","",3
"Anderton's Coffee House","","","",7
"Anderton's Coffee-House","","","",7
"Andrew's Street","","","",6
"Andrews Street","","","",6
"Andrews' Street","","","",6
"Angel","","","",
"Angel and Bible","","","",
"Angel and Crown","","","",
"Angel-Street","","","",6
"Anglesea-Street","","","",6
"Anglesea-street","","","",6
"Ann Street","","","",6
"Ann-Street","","","",6
"Ann-street","","","",6
"Anne-Street","","","",6
"Anodyne Necklace","","","",
"Anti-Jacobin Press","","","",7
"Apollo","","","",
"Appollo Circulating Library","","","",7
"Arch Street","","","",6
"Arch-Street","","","",6
"Arch-street","","","",6
"Architectural Library","","","",7
"Argyle-Street","","","",6
"Argyll-Street","","","",6
"Artillery-Street","","","",6
"Arundel Street","","","",6
"Arundel-Street","","","",6
"Atlas","","","",
"Aungier-Street","","","",6
"Ave Maria Lane","Ave Maria Lane","https://mapoflondon.uvic.ca/AVEM1.htm","London",6
"Ave-Maria Lane","Ave Maria Lane","https://mapoflondon.uvic.ca/AVEM1.htm","London",6
"Ave-Maria-Lane","Ave Maria Lane","https://mapoflondon.uvic.ca/AVEM1.htm","London",6
"Ave-Mary Lane","Ave Maria Lane","https://mapoflondon.uvic.ca/AVEM1.htm","London",6
"Ave-Mary-Lane","Ave Maria Lane","https://mapoflondon.uvic.ca/AVEM1.htm","London",6
"Avemary Lane","Ave Maria Lane","https://mapoflondon.uvic.ca/AVEM1.htm","London",6
"Avemary-Lane","Ave Maria Lane","https://mapoflondon.uvic.ca/AVEM1.htm","London",6
"Aylesbury","","","",
"Back-lane","","","",6
"Balsover Street","","","",6
"Baltimore","","","",
"Banastre Street","","","",6
"Banastre-street","","","",6
"Banbury","","","",
"Band-Street","","","",6
"Bannastre-street","","","",6
"Barnard's-Inn","","","",
"Bartholomew-Close","","","",
"Bartholomew-Close'","","","",
"Bartholomew-Lane","","","",6
"Barton-Street","","","",6
"Basinghall-Street","","","",6
"Bath","","","",
"Bear","","","",
"Beaufort-Buildings","","","",
"Bedford Street","","","",6
"Bedford-Street","","","",6
"Beech Street","","","",6
"Beech-Street","","","",6
"Beech-street","","","",6
"Bell Yard","","","",6
"Bell-Yard","","","",6
"Berkeley-Square","","","",6
"Bernard's-Inn-Gate","","","",6
"Berners Street","","","",6
"Berwick Street","","","",6
"Berwick-Street","","","",6
"Berwick-street","","","",6
"Bible","","","",
"Bible and Anchor","","","",
"Bible and Ball","","","",
"Bible and Cross Keys","","","",
"Bible and Crown","","","",
"Bible and Heart","","","",
"Bible and Ink-Bottle","","","",
"Bible and Key","","","",
"Bible and Star","","","",
"Bible and Sun","","","",
"Bible and Three Crowns","","","",
"Bible and Three-Crowns","","","",
"Bible-And-Crown","","","",
"Bible-Warehouse","","","",7
"Bible-warehouse","","","",7
"Billericay","","","",
"Birchin-Lane","","","",6
"Bird-Street","","","",6
"Birmingham","","","",
"Bishop-gate-street","","","",6
"Bishop's Head","","","",
"Bishopgate Street","","","",6
"Bishopgate-Street","","","",6
"Bishops-Gate Street","","","",6
"Bishops-Gate-Street","","","",6
"Bishopsgate Street","","","",6
"Bishopsgate-Street","","","",6
"Bishopsgate-street","","","",6
"Bishopsgate-Street-Within","","","",6
"Bishopsgatestreet","","","",6
"Black and White Court","","","",6
"Black Boy","","","",
"Black Boy and Anchor","","","",
"Black Bull","","","",
"Black Pull","","","",
"Black Raven","","","",
"Black Spread Eagle","","","",
"Black Swan","","","",
"black swan","","","",
"Black Swan and Bible","","","",
"Black-Boy","","","",
"Black-Boy-Alley","","","",6
"Black-Bull","","","",
"Black-Friars Bridge","","","",6
"Black-Fryars","","","",
"Black-fryars","","","",
"Black-Fryers","","","",
"Black-Raven","","","",
"Black-Swan","","","",
"Blackfriars","","","",
"Blackfriers","","","",
"Blackfryars","","","",
"Blackman Street","","","",6
"Blakestreet","","","",6
"Blandford-Street","","","",6
"Blew Anchor","","","",
"Blind Quay","","","",
"Blind-Kay","","","",
"Blind-Quay","","","",
"Blowbladder Street","","","",6
"Blue Anchor","","","",
"Blue Ball","","","",
"Blue-Ball","","","",
"Blundell","","","",
"Bolten-Street","","","",6
"Bolton-Street","","","",6
"Bond Street","","","",6
"Bond-Street","","","",6
"Bond-street","","","",6
"Bondstreet","","","",6
"Bonetstreet","","","",6
"Book Ware-House","","","",7
"Borough","","","",
"Bow Church yard","","","",6
"Bow Church Yard","","","",6
"Bow church yard","","","",6
"Bow church-yard","","","",6
"Bow Church-yard","","","",6
"Bow Lane","","","",6
"Bow Street","","","",6
"Bow-church yard","","","",6
"Bow-Church yard","","","",6
"Bow-Church-Yard","","","",6
"Bow-church-yard","","","",6
"Bow-Lane","","","",6
"Bow-Street","","","",6
"Braud-Street","","","",6
"Bread-Street","","","",6
"Bredstreet","","","",6
"Bredstreet-hill","","","",6
"Brewer-Street","","","",6
"Bride street","","","",6
"Bride Street","","","",6
"Bride-Lane","","","",6
"Bride-Street","","","",6
"Bride-street","","","",6
"Bride's-Alley","","","",6
"Bridge Street","","","",6
"Bridge-Parade","","","",
"Bridge-Street","","","",6
"Bridge-street","","","",6
"Bridges Street","","","",6
"Bridges-Street","","","",6
"Bridges-street","","","",6
"Bridgestreet","","","",6
"Bridlesmith Gate","","","",6
"Brighthelmstone","","","",
"Bristol","","","",3
"Britannia Printing-Office","","","",
"British Library","","","",7
"Broad Street","","","",6
"Broad Streets","","","",6
"Broad-Street","","","",6
"Broad-street","","","",6
"Broadstreet","","","",6
"Brook Street","","","",6
"Brook-Street","","","",6
"Brunswick-Street","","","",6
"Bruton Street","","","",6
"Bruton-Street","","","",6
"Brydges Street","","","",6
"Brydges-Street","","","",6
"Brydges-street","","","",6
"Buchanan's Head","","","",
"Buchanan's-Head","","","",
"Buck","","","",
"Buck and Sun","","","",
"Buckingham-Street","","","",6
"Bucklersbury","","","",
"Bull-Ring","","","",
"Bull-Street","","","",6
"Bull-street","","","",6
"Burke-Street","","","",6
"Burlington House","","","",7
"Burlington-House","","","",7
"Burlington-Huse","","","",
"Burton-street","","","",6
"Burton-Stseet","","","",
"Bury","","","",
"Bury-Street","","","",6
"Cambridge","","","",6
"Cambridgeshire","","","",
"Canning-Street","","","",6
"Cannon Street","","","",6
"Cannon-street","","","",6
"Cannon-Street","","","",6
"Canterbury","","","",3
"Capei-Street","","","",6
"Capel Street","","","",6
"Capel-Street","","","",6
"Capel-street","","","",6
"Capel-Street.","","","",6
"Capil-Street","","","",6
"Caple-Street","","","",6
"Carey Street","","","",6
"Carlisle Bridge","","","",6
"Carlisle-Bridge","","","",6
"Carlton House","","","",7
"Carnbourn Street","","","",6
"Carpenter Bond Street","","","",6
"Carthusian Street","","","",6
"Castle Street","","","",6
"Castle Street","","","",6
"Castle-Alley","","","",6
"Castle-Green","","","",
"Castle-Lane","","","",6
"Castle-Market","","","",
"Castle-Street","","","",6
"Castle-street","","","",6
"Castlestreet","","","",6
"Catharine Street","","","",6
"Catharine-Street","","","",6
"Catherine Street","","","",6
"Catherine-Street","","","",6
"Catherine-street","","","",6
"Cathirine-street","","","",6
"Cavendish-Square","","","",6
"Cavendish-Street","","","",6
"Chalton Street","","","",6
"Chancery-Lane","","","",6
"Chancery-lane","","","",6
"Chandos-Street","","","",6
"Chapel","","","",7
"Chapel Street","","","",6
"Chapel-Street","","","",6
"Chapel-street","","","",6
"Chapter-House","","","",7
"Char Genre","","","",
"Charing Cross","","","",
"Charing-Cross","","","",
"Charity-School","","","",
"Charles Street","","","",6
"Charles-Street","","","",6
"Charles-street","","","",6
"Charles-town","","","",
"Charlton","","","",
"Chatham-Street","","","",6
"Chcap-Side","Cheapside Street","https://mapoflondon.uvic.ca/CHEA2.htm","London",6
"Cheap-Street","Cheapside Street","https://mapoflondon.uvic.ca/CHEA2.htm","London",6
"Cheap-street","","","",6
"Cheapside","Cheapside Street","https://mapoflondon.uvic.ca/CHEA2.htm","London",6
"Chelmsford","","","",
"Cherry Street","","","",6
"Cherry-Street","","","",6
"Chesham","","","",
"Chesnut Street","","","",6
"Chesnut-Street","","","",6
"Chesnut-street","","","",6
"Chester","","","",
"Chesterfield","","","",
"Chestnut-Street","","","",6
"Chifwell Street","","","",6
"Chiswel-Street","","","",6
"Chiswell street","","","",6
"Chiswell Street","","","",6
"Chiswell-Street","","","",6
"Chiswell-street","","","",6
"Chiswill Street","","","",6
"Christ Church-Lane","","","",6
"Christ-Church-Lane","","","",6
"Church","","","",7
"Church Street","","","",6
"Church-Street","","","",6
"Church-street","","","",6
"Cicero's Head","","","",
"Circulating Library","","","",7
"Circulating-Library","","","",7
"city and county of York","","","",
"City Road","","","",6
"City-Road","","","",6
"Clare-Court","","","",6
"Clare-Street","","","",6
"Clerges-Street","","","",6
"Clerkenwell","","","",
"Clerkenwell-Close","","","",
"Cleveland-Row","","","",
"Cliffords-Inn Lane","","","",6
"Cock and Swine","","","",
"Cockey-Lane","","","",6
"Cockspur Street","","","",6
"Cockspur-Street","","","",6
"Cockspur-street","","","",6
"Coffee-Yard","","","",6
"Coghill's-Court","","","",6
"Coleman Street","","","",6
"Coleman-Street","","","",6
"Coleman-street","","","",6
"Colfman-street","","","",6
"College","","","",
"College Street","","","",6
"College-Gate","","","",6
"College-Geern","","","",
"College-Grates","","","",
"College-Green","","","",
"College-Street","","","",6
"Compton-Street","","","",6
"Coney-street","","","",6
"Convocation-House","","","",7
"Cook-Street","","","",6
"Cook-street","","","",6
"Cope-street","","","",6
"Cope-Street","","","",6
"Copper-Alley","","","",6
"Cork-Hill","","","",
"Corn-Street","","","",6
"Corn-street","","","",6
"Cornhil","","","",
"Cornhill","","","",3
"Correct State Lottery-Office","","","",
"Council-House Street","","","",6
"County of Derby","","","",
"County Street","","","",6
"Courier press","","","",7
"Court Street","","","",6
"Court-Street","","","",6
"Covent Garden","","","",
"Covent-Garden","","","",
"Coventry","","","",
"Coventry-Street","","","",6
"Cow-Lane","","","",6
"Cowley's Head'","","","",
"Cowley's-Head","","","",
"Craig's Court","","","",6
"Craig's-Court","","","",6
"Cranborn-street","","","",6
"Cranbourn Street","","","",6
"Crane Court","","","",6
"Crane-Court","","","",6
"Crane-Lane","","","",6
"Cree-Church-Lane","","","",6
"Cripplegate","","","",6
"Crispin Street","","","",6
"Crispin-Street","","","",6
"Crispin-street","","","",6
"Crose","","","",
"Cross","","","",
"Cross Keys","","","",
"Cross-Keys","","","",
"Cross-Keys and Bible","","","",
"Cross-Street","","","",6
"Cross-street","","","",6
"Crow-street","","","",6
"Crow-Street","","","",6
"Crown","","","",
"Crown and Mitre","","","",
"Crown Court","","","",6
"Crown-Street","","","",6
"Crown-Tavern","","","",7
"Cursitor Street","","","",6
"Curzon Street","","","",6
"Curzon-Street","","","",6
"Dale-Street","","","",6
"Dame -Street","","","",6
"Dame Street","","","",6
"Dame-Street","","","",6
"Dame-street","","","",6
"Dame's-Street","","","",6
"Dames-Street","","","",6
"Damw-street","","","",6
"Dan Street","","","",6
"Daniel-Street","","","",6
"Darby","","","",
"Dartmouth Street","","","",6
"Dartmouth-street","","","",6
"Dean Street","","","",6
"Dean-Street","","","",6
"Denison-Street","","","",6
"Denmark Street","","","",6
"Denmark-Street","","","",6
"Derby","","","",
"Dereham","","","",
"Devereux-Court","","","",6
"Devonshire Street","","","",6
"Devonshire-Street","","","",6
"Dial and Bible","","","",
"Dick's Coffee-House","","","",7
"Ditch-side","","","",
"Dock Street","","","",6
"Dock-Head","","","",
"Docking","","","",
"Dogwell-Court","","","",6
"Dolphin","","","",
"Dolphin and Crown","","","",
"Dorset Street","","","",6
"Dorset-Street","","","",6
"Dorset-street","","","",6
"Dorsetshire","","","",
"Dove","","","",
"Dove and Bible","","","",
"Downham","","","",
"Dr Cullen's Head","","","",
"Dr. Garth's Head","","","",
"Drafton-street","","","",6
"Dramatic Repository","","","",
"Drary Lane","","","",6
"Drotwitch","","","",
"Drummond Street","","","",6
"Drury Lane","Drury Lane","https://mapoflondon.uvic.ca/DRUR2.htm","London",6
"Drury-Lane","Drury Lane","https://mapoflondon.uvic.ca/DRUR2.htm","London",6
"Drury-Lane.","Drury Lane","https://mapoflondon.uvic.ca/DRUR2.htm","London",6
"Dryden's Head","","","",
"Dublin","Dublin","http://dublin1798.com/index.htm","Ireland",3
"Duck-Lane","","","",6
"Dudley","","","",
"Duke Street","","","",6
"Duke-Street","","","",6
"Duke-street","","","",6
"Duke's Court","","","",6
"Duke's Street","","","",6
"Duke's-Court","","","",6
"Dukestreet","","","",6
"Dunciad","","","",
"Dundee","","","",
"Dutchess's Head","","","",
"Duxt-Street","","","",6
"Eagle-Street","","","",6
"Earl-Street","","","",6
"East-End of New Church","","","",7
"East-Street","","","",6
"Eastgate-Street","","","",6
"Ediburgh","Edinburgh","","",
"Edinbrugh","Edinburgh","","",3
"Edinburgh","Edinburgh","","",3
"Edinburgh Lying-in Hospital","","","",7
"Edmund-Street","","","",6
"Edward-Street","","","",6
"Edwards-street","","","",6
"Eerwick Street","","","",6
"Eleet Street","","","",6
"Elephant and Castle","","","",
"Ellesmere","","","",
"Elzevir's-Head","","","",
"End of Flower-de-Luce-Court","","","",6
"End of Pope's Head Alley","","","",6
"England","","","",1
"Erasmus's-Head","","","",
"Essex Street","","","",6
"Essex-Street","","","",6
"Essex-street","","","",6
"Europe","","","",0
"Eustace-Street","","","",6
"Exchange","","","",
"Exchange Alley","","","",6
"Exchange Street","","","",6
"Exchange-Alley","","","",6
"Exchange-Street","","","",6
"Exchequer-Street","","","",6
"Exeter","","","",
"Exeter Change","","","",
"Exeter-Change","","","",
"Exeter-Exchange","","","",
"Exeter-Street","","","",6
"Eyre-Street","","","",6
"Facing-Southampton Street","","","",6
"Fair Street","","","",6
"Fair-Street","","","",6
"Fakenham","","","",
"Fanchurch-Street","","","",6
"Faregate-street","","","",6
"Farnham","","","",
"Faulkner's-Head","","","",
"Feathers","","","",
"Feathers Tavern.","","","",
"Fenchurch Street","","","",6
"Fenchurch-Street","","","",6
"Fenchurch-street","","","",6
"Fetter Lane","Fetter Lane","https://mapoflondon.uvic.ca/FETT1.htm","London",6
"Fetter lane","Fetter Lane","https://mapoflondon.uvic.ca/FETT1.htm","London",6
"Fetter-Lane","Fetter Lane","https://mapoflondon.uvic.ca/FETT1.htm","London",6
"Finch Lane","Finch Lane","https://mapoflondon.uvic.ca/FINC1.htm","London",6
"Finch-Lane","Finch Lane","https://mapoflondon.uvic.ca/FINC1.htm","London",6
"Finsbury square","","","",6
"Finsbury-Place","","","",
"Finsbury-Square","","","",6
"Fish shamble street","","","",6
"Fish Street","","","",6
"Fish Street Hill","","","",6
"Fish-market","","","",
"Fish-street","","","",6
"Fish-Street","","","",6
"Fish-Street Hill","","","",6
"Fish-Street-Hill","","","",6
"Fish-streete","","","",6
"Fishamble Street","","","",6
"Fishamble-street","","","",6
"Fishamble-Street","","","",6
"Fisher-Street","","","",6
"Fishstreet","","","",6
"Fleece-Tavern","","","",7
"Fleelstreet","Fleet Street","https://mapoflondon.uvic.ca/FLEE6.htm","London",6
"Fleet Street","Fleet Street","https://mapoflondon.uvic.ca/FLEE6.htm","London",6
"Fleet street","Fleet Street","https://mapoflondon.uvic.ca/FLEE6.htm","London",6
"Fleet Street-","Fleet Street","https://mapoflondon.uvic.ca/FLEE6.htm","London",6
"Fleet-Lane","Fleet Lane","https://mapoflondon.uvic.ca/FLEE3.htm","London",6
"Fleet-Street","Fleet Street","https://mapoflondon.uvic.ca/FLEE6.htm","London",6
"Fleet-street","Fleet Street","https://mapoflondon.uvic.ca/FLEE6.htm","London",6
"Fleet-Street-","Fleet Street","https://mapoflondon.uvic.ca/FLEE6.htm","London",6
"Fleet-Street.","Fleet Street","https://mapoflondon.uvic.ca/FLEE6.htm","London",6
"Fleet-streete","Fleet Street","https://mapoflondon.uvic.ca/FLEE6.htm","London",6
"Fleetstreet","Fleet Street","https://mapoflondon.uvic.ca/FLEE6.htm","London",6
"Fleetstreet","Fleet Street","https://mapoflondon.uvic.ca/FLEE6.htm","London",6
"Fleetstreete","Fleet Street","https://mapoflondon.uvic.ca/FLEE6.htm","London",6
"Flower-de-Luce","","","",
"Flower-de-Luce Court","","","",6
"Forbe's Street","","","",6
"Fore Street","","","",6
"Fore-Street","","","",6
"Fore-Street Hill","","","",6
"Foregate-Street","","","",6
"Foregate-street","","","",6
"Forestreet","","","",6
"Foundery","","","",
"Foundry","","","",
"Fountain Street","","","",6
"Four Courts","","","",
"Fourth Street","","","",6
"Fourth-Street","","","",6
"Fowner's-street","","","",6
"Fownes's Street","","","",6
"Franklin's-Head","","","",
"Frith Street","","","",6
"Frith-Street","","","",6
"Front Street","","","",6
"Front-street","","","",6
"Front-Street","","","",6
"Fuller's Rents","","","",
"Gainsborough","","","",
"Gainsbrough","","","",
"Garrick's Head","","","",
"Garrick's-Head","","","",
"Gate Street","","","",6
"Gate-street","","","",6
"Gate-Street","","","",6
"Gay-Street","","","",6
"General Post-Office","","","",
"George Yard","","","",6
"George-Street","","","",6
"George-street","","","",6
"George-Yard","","","",6
"George's Court","","","",6
"George's Street","","","",6
"George's-court","","","",6
"George's-Lane","","","",6
"George's-Street","","","",6
"Georges-Street","","","",6
"Gerard Street","","","",6
"Gerard-Street","","","",6
"Germain-Street","","","",6
"Gerrard Street","","","",6
"Gerrard-Street","","","",6
"Gilt-spur-street","","","",6
"Giltspur-street","","","",6
"Glasgow","","","",
"Glashouse Street","","","",6
"Glass-House Street","","","",6
"Glass-House-Street","","","",6
"Glasshouse Street","","","",6
"Glasshouse-Street","","","",6
"Globe","","","",
"Glocester","Gloucester","","",3
"Gloucester","Gloucester","","",3
"Gold Ring","","","",
"Gold-Street","","","",6
"Golden Anchor","","","",
"Golden Ball","","","",
"Golden Bible","","","",
"Golden Buck","","","",
"Golden Flower-de-Luce","","","",
"Golden Head","","","",
"Golden Key","","","",
"Golden Lion","","","",
"Golden Lyon","","","",
"Golden-Ball","","","",
"Golden-Lion","","","",
"Golden-Square","","","",6
"Goldsmiths'-Street","","","",6
"Goodge Street","","","",6
"Goodge-Street","","","",6
"Goodman's Fields","","","",
"Goodman's-Fields","","","",
"Gosport","","","",
"Goswell Street","","","",6
"Goswell-Street","","","",6
"Grace Church Street","","","",6
"Grace Church-Street","","","",6
"Grace-Church Street","","","",6
"Grace-Church-Street","","","",6
"Grace-Church-street","","","",6
"Grace-church-Street","","","",6
"GraceChruch-Street","","","",6
"Gracechurch Street","","","",6
"Gracechurch-Street","","","",6
"Gracechurch-street","","","",6
"GraceChurch-Street","","","",6
"Gracichurch-Street","","","",6
"Gracious-street","","","",6
"Grafton Street","","","",6
"Grafton-Street","","","",6
"Grafton-street","","","",6
"Grafton-Street.","","","",6
"Grapton-Street","","","",6
"Graston-street","","","",6
"Gratton-Street","","","",6
"Gray's Inn","Gray's Inn","https://mapoflondon.uvic.ca/GRAY1.htm","London",
"Gray's Inn Gate","","","",6
"Gray's Inn-Gate","","","",6
"Gray's-Inn","Gray's Inn","https://mapoflondon.uvic.ca/GRAY1.htm","London",
"Gray's-Inn Gate","","","",6
"Gray's-Inn-Gate","","","",6
"Grays-Inn","Gray's Inn","https://mapoflondon.uvic.ca/GRAY1.htm","London",
"Grays-Inn Gate","","","",6
"Grays-Inn Lane","Gray’s Inn Road","https://mapoflondon.uvic.ca/GRAY2.htm","London",6
"Grays-Inn-Gate","","","",6
"Grays-Inn-Lane","Gray’s Inn Road","https://mapoflondon.uvic.ca/GRAY2.htm","London",6
"Great Britain","","","",
"Great Britain-Street","","","",6
"Great George-Street","","","",6
"Great George's Street","","","",6
"Great George's-Street","","","",6
"Great Malborough-Street","","","",6
"Great Marlborough Street","","","",6
"Great Marlborough-Street","","","",6
"Great Marlborough-street","","","",6
"Great Marlbro'-street","","","",6
"Great Mary-le-Bone-Street","","","",6
"Great Mary-le-Bone-street","","","",6
"Great Mary-le-bone-Street","","","",6
"Great Newport Street","","","",6
"Great Newport-Street","","","",6
"Great Piazza","","","",
"Great Portland Street","","","",6
"Great Portland-Street","","","",6
"Great Prescot-Street","","","",6
"Great Pulteney Street","","","",6
"Great Pulteney-street","","","",6
"Great Pulteney-Street","","","",6
"Great Pultney Street","","","",6
"Great Pultney-Street","","","",6
"Great Queen Street","","","",6
"Great Queen-Street","","","",6
"Great Queen-street","","","",6
"Great Queens-Street","","","",6
"Great Russel Street","","","",6
"Great Russel-Street","","","",6
"Great Russell Street","","","",6
"Great Russell-Street","","","",6
"Great Russell-street","","","",6
"Great St. Andrew Street","","","",6
"Great St. Andrew-street","","","",6
"Great Surry Street","","","",6
"Great Titchfield Street","","","",6
"Great Turnstile","","","",
"Great Wild Street","","","",6
"Great Windmill-Street","","","",6
"Great Wylde-Street","","","",6
"Great-Britain","","","",
"Great-Britian","","","",
"Great-George's-Street","","","",6
"Great-Georges'-Street","","","",6
"Great-Queen-Street","","","",6
"Great-Russel-Street","","","",6
"Great-Russell-Street","","","",6
"Great-Turnstile","","","",
"Greek-Street","","","",6
"Green Door","","","",
"Green Street","","","",6
"Green-Dragon","","","",
"Green-Street","","","",6
"Greenwich-Street","","","",6
"Greville Street","","","",6
"Greville-Street","","","",6
"Grey-Eagle Street","","","",6
"Grosvenor Street","","","",6
"Grosvenor-Square","","","",6
"Grosvenor-Street","","","",6
"Grosvenor-street","","","",6
"Grubstreet Society","","","",6
"Grubstreete","","","",6
"Gt. George's-Street","","","",6
"Gt. Russell-Street","","","",6
"Gt. Strand-Street","","","",6
"Guildford","","","",
"Guiltspur Street","","","",6
"Gun-Street","","","",6
"Hail Street","","","",6
"Half Moon","","","",
"Half-Moon","","","",
"Half-moon","","","",
"Hall Street","","","",6
"hand and pen","","","",
"Hand and Star","","","",
"Hanover-Street","","","",6
"Hanover-street","","","",6
"Hanway-Street","","","",6
"Harley Street","","","",6
"Harp and Hautboy","","","",
"Harrison Street","","","",6
"Harrogate","","","",6
"Hart Street","","","",6
"Hat and Star","","","",
"Hatter-Street","","","",6
"Hatton-Garden","","","",
"Hatton-Street","","","",6
"Havant-Street","","","",6
"Hay-Market","","","",
"Head of Serge-Market","","","",
"Hendrick-Street","","","",6
"Henrietta Street","","","",6
"Henrietta-Street","","","",6
"Henry-Street","","","",6
"her house","","","",7
"her Shops","","","",
"her shops","","","",
"Hercules","","","",
"Hereford","","","",
"Hermitage-Bridge","","","",6
"Hertford Street","","","",6
"Hertford-Street","","","",6
"High Holborn","","","",
"high Holbourn","","","",
"High Street","","","",6
"High-Holborn","","","",
"High-Street","","","",6
"High-street","","","",6
"High-Town","","","",
"Highstreet","","","",6
"Hillyard's Court","","","",6
"his Circulating Library","","","",7
"his circulating library","","","",7
"his Circulating-Library","","","",7
"his house","","","",7
"his House","","","",7
"his music-shop","","","",
"his printing-office","","","",
"his shop","","","",
"his Shop","","","",
"his shops","","","",
"his warehouse","","","",7
"his wholesale Warehouse","","","",7
"hive of liberty","","","",
"Holborn","","","",
"Holborn-Hill","","","",
"Holborn.","","","",
"Holbourn","","","",
"Holdorn","","","",
"Holywell Street","","","",6
"Holywell-Street","","","",6
"Homer's Head","","","",
"Homer's-Head","","","",
"Horace's Head","","","",
"Horse-Fair","","","",
"Horse-Guard","","","",
"Horse-Guards","","","",
"Hospitall","","","",
"Houghton Park","","","",
"Houghton-Street","","","",6
"Houndsditch","","","",
"Howland Street","","","",6
"Hucklersbury","","","",
"Hull","","","",
"Husband Street","","","",6
"Indian-Queen","","","",
"Infirmary","","","",
"Ingram-Court","","","",6
"Inigo Jones's Head","","","",
"Inner Temple Gate","","","",6
"Inner-Temple Gate","","","",6
"Inner-Temple Lane","","","",6
"Inner-Temple-Gate","","","",6
"Inner-Temple-Lane","","","",6
"inner-temple-lane","","","",6
"Ipswich","","","",
"Ireland","","","",
"Ireland-Yard","","","",6
"Ivy-Lane","","","",6
"James-Street","","","",6
"James-street","","","",6
"James's Street","","","",6
"James's-Street","","","",6
"Jensen-Street","","","",6
"Jermyn-Street","","","",6
"Jewin Street","","","",6
"Jewin-Street","","","",6
"Jewry Street","","","",6
"Jewry-Street","","","",6
"Jewry-street","","","",6
"Jewry-Street-Chapel","","","",7
"John-Street","","","",6
"John's-Street","","","",6
"Johnson's Head","","","",
"Jonathan's Coffee-House","","","",7
"Judge Coke's Head","","","",
"Judge's Head","","","",
"Jury Street","","","",6
"Jury-street","","","",6
"Jury-Street","","","",6
"Juvenal's Head","","","",
"Katharine-Street","","","",6
"Katharine-street","","","",6
"Katherine Street","","","",6
"Katherine-Street","","","",6
"Katherine-street","","","",6
"Kent","","","",
"Kent Street","","","",6
"Kevan's-Port","","","",
"Kevin-Street","","","",6
"Kilby Street","","","",6
"Kilby-Street","","","",6
"King Street","","","",6
"King-Street","","","",6
"King-street","","","",6
"King's Arms","","","",
"King's Street","","","",6
"King's Theatre","","","",7
"King's-Arms","","","",
"King's-Arms-Tavern","","","",7
"King's-Bench","","","",
"King's-Head","","","",
"King's-Street","","","",6
"Kings Arms","","","",
"Kings Street","","","",6
"Kings-Head","","","",
"Kingstreet","","","",6
"Kirby Street","","","",6
"Lamb","","","",
"Lamb and Bible","","","",
"Lamb's Conduit Street","","","",6
"Lamb's Conduit-Street","","","",6
"Lamb's-Conduit-Street","","","",6
"Lammas-Street","","","",6
"Lawn-Market","","","",
"lawn-market","","","",
"Lawrence's-Street","","","",6
"Leaden-Hall Street","","","",6
"Leaden-Hall-Street","","","",6
"Leadenball Street","","","",6
"Leadenball-Street","","","",6
"Leadenhall Street","","","",6
"Leadenhall-Street","","","",6
"Leadenhall-street","","","",6
"Leadenhall-Street London","","","",6
"Leadenhull-Street","","","",6
"Leadexhall Street","","","",6
"Leadon-Hall Street","","","",6
"Leech Street","","","",6
"Leeds","","","",
"Leeds?","","","",
"Leg and Star","","","",
"Leg-Tavern","","","",7
"Leicester","","","",
"Leicester Square","","","",6
"Leicester Street","","","",6
"Leicester-Fields","","","",
"Leicester-Square","","","",6
"Leith","","","",
"Leman-Street","","","",6
"Lendenhall-street","","","",6
"Liberton's Wynd","","","",
"Liberty Street","","","",6
"Liberty-Street","","","",6
"Light-Street","","","",6
"Lime-Street","","","",6
"Lincoln's Inn","","","",
"Lincoln's Inn Fields","","","",
"Lincoln's-Inn","","","",
"Lincoln's-Inn Fields","","","",
"Lincoln's-Inn-Fields","","","",
"Lincoln's-Inn-Square","","","",6
"Lincolns-Inn","","","",
"Lincolns-Inn Fields","","","",
"Lincolns-Inn-Fields","","","",
"Lincolnshire","","","",
"Lisle-Street","","","",6
"Litchfield","","","",
"Litile-Tower-Street","","","",6
"Little Britain","","","",
"Little Brittain","","","",
"Little Catherine-Street","","","",6
"Little Catherine-street","","","",6
"Little Chapel-Street","","","",6
"Little Green Street","","","",6
"Little Knight-Rider-Street","","","",6
"Little Moorgace","","","",
"Little Newport-Street","","","",6
"Little Pulteney-Street","","","",6
"Little Queen Street","","","",6
"Little Queen-Street","","","",6
"Little Stanhope-Street","","","",6
"Little Titchfield Street","","","",6
"Little Titchfield-street","","","",6
"Little Titchfield-Street","","","",6
"Little Tower Street","","","",6
"Little Tower-Street","","","",6
"Little Tower-street","","","",6
"Little-Britain","","","",
"Little-Brittain","","","",
"Little-Tower Street","","","",6
"Little-Tower-Street","","","",6
"Little-Turnstile","","","",
"LittleTower-Street","","","",6
"Liverpool","","","",
"Lock's Head","","","",
"Locke's Head","","","",
"Locke's-Head","","","",
"Logographic Press","","","",7
"Lom-Bard-Street","","","",6
"Lombard - Street","Lombard Street","https://mapoflondon.uvic.ca/LOMB1.htm","London",6
"Lombard Street","Lombard Street","https://mapoflondon.uvic.ca/LOMB1.htm","London",6
"Lombard street","Lombard Street","https://mapoflondon.uvic.ca/LOMB1.htm","London",6
"Lombard-Street","Lombard Street","https://mapoflondon.uvic.ca/LOMB1.htm","London",6
"Lombard-street","Lombard Street","https://mapoflondon.uvic.ca/LOMB1.htm","London",6
"Lombardstreet","Lombard Street","https://mapoflondon.uvic.ca/LOMB1.htm","London",6
"Lombaro Street","","","",6
"London","","","",3
"London and Westminster","","","",3
"London Bridge","","","",6
"London bridge","","","",6
"London Gazette","","","",
"London-Bridge","","","",6
"London-bridge","","","",6
"London-Gazette","","","",
"Long Acre","","","",
"Long Lane","","","",6
"Long-lane","","","",6
"Long-Lane","","","",6
"Looking Glass","","","",
"Looking glass","","","",
"Looking-Glass","","","",
"Looking-glass","","","",
"looking-glass shop","","","",
"Lookinglass and Bible","","","",
"Lord Bacon's Head","","","",
"Lower Bridge-Street","","","",6
"Lower Brook Street","","","",6
"Lower Brook-Street","","","",6
"Lower Broon-Street","","","",6
"Lower Liffey-Street","","","",6
"Lower Sloane Street","","","",6
"Lower Sloane-street","","","",6
"Lower Sloane-Street","","","",6
"Ludgate","","","",6
"Ludgate Hill","","","",
"Ludgate Street","","","",6
"Ludgate-Hill","","","",
"Ludgate-Hill London","","","",
"Ludgate-Street","","","",6
"Ludgate-street","","","",6
"Ludgatestreet","","","",6
"Ludlow","","","",
"Lumbard Street","","","",6
"Lumbard-street","","","",6
"Lumbardstreet","","","",6
"Lumbord-streete","","","",6
"Lundgate-Street","","","",6
"Lynn","","","",
"Magdalen-Street","","","",6
"Main Guard","","","",
"Main Street","","","",6
"Main-Street","","","",6
"Malborough-Street","","","",6
"Manchester","","","",
"Mansfield","","","",
"Mansion-House","","","",7
"Margaret-Street","","","",6
"Margate","","","",6
"Market Street","","","",6
"Market-Place","","","",
"Market-Street","","","",6
"Market-street","","","",6
"Market-Street Albany","","","",6
"Market-Street-Lane","","","",6
"Market-street-lane","","","",6
"Marlboro' Street","","","",6
"Marlboro'-Street","","","",6
"Marlborough Street","","","",6
"Marlborough-Street","","","",6
"Marlbro'-Street","","","",6
"Marshall-Street","","","",6
"Marsham Street","","","",6
"Mary-le-bone Street","","","",6
"Mary-Le-Bone Street","","","",6
"Mary-le-Bone Street","","","",6
"Mary-Le-Bone-Street","","","",6
"Mary-le-Bone-Street","","","",6
"Mary-Street","","","",6
"Marybone-street","","","",6
"May-Fair","","","",
"May's-Buildings","","","",
"Meath-Street","","","",6
"Meath-street","","","",6
"Meathstreet","","","",6
"Melsome-Street","","","",6
"Mercer's Chapel","","","",7
"Mercer's-Chaple","","","",
"Mercer's-Chappel","","","",7
"Mercers Chapel","","","",7
"Mercers Chappel","","","",7
"Mercers-Chappel","","","",7
"Mercury","","","",
"Merrimac-Street","","","",6
"Methodist Preaching-Houses","","","",
"Methodist preaching-houses","","","",
"Meuse Back-Gate","","","",6
"Meuse-Gate","","","",6
"Mew's-Gate","","","",6
"Mews Gate","","","",6
"Mews-Gate","","","",6
"Mews' Gate","","","",6
"Michael-Street","","","",6
"Michael-Street","","","",6
"Middle Moorfields","","","",
"Middle Row","","","",
"Middle Street","","","",6
"Middle Street","","","",6
"Middle Temple","","","",
"Middle Temple Cloyster","","","",
"Middle Temple Cloysters","","","",
"Middle Temple Gate","","","",6
"Middle Temple-Cloysters","","","",
"Middle Temple-Gate","","","",6
"Middle-Exchange","","","",
"Middle-Moorfields","","","",
"Middle-Row","","","",
"Middle-Row Holborn","","","",
"Middle-street","","","",6
"Middle-Street","","","",6
"Middle-Temple","","","",
"Middle-Temple Cloysters","","","",
"Middle-Temple Gate","","","",6
"Middle-Temple-Cloisters","","","",
"Middle-Temple-Cloysters","","","",
"Middle-Temple-Gate","","","",6
"Middle-Temple-Lane","","","",6
"Middlesex","","","",
"Middlesex-Hospital","","","",7
"Middlewich","","","",
"Midway Place","","","",
"Mile End New Town","","","",
"Mile-End","","","",
"Mile-End Road","","","",6
"Mile-End-Road","","","",6
"Military Library","","","",7
"Mill-Bridge","","","",6
"Mill-Pond","","","",
"Mill-Street","","","",6
"Mill-Street","","","",6
"Millbrook","","","",
"Miller's-Street","","","",6
"Miller's-Street","","","",6
"Milsom-Street","","","",6
"Milsom-Street","","","",6
"Milton's Head","","","",
"Milton's-Head","","","",
"Minerva","","","",
"Minerva Press","","","",7
"Minerva Printing-Office","","","",
"Minerva-Press","","","",7
"Minister-Yard","","","",6
"Minster-Street","","","",6
"Minster-Street","","","",6
"Minster-Yard","","","",6
"Mitre","","","",
"Mitre and Crown","","","",
"Mitre and Crown against St. Dunstan's Church","","","",7
"Mitre Court","","","",6
"Mitre Tavern","","","",7
"Mitre Tavern Fleetstreet","","","",6
"Mitre-Court","","","",6
"Mitre-Tavern","","","",7
"Molesworth's-Court","","","",6
"Monague-Street","","","",6
"Monague-Street","","","",6
"Monkwell-Street","","","",6
"Monkwell-Street","","","",6
"Monmouth","","","",
"Monmouthshire","","","",
"Montague Street","","","",6
"Montague Street","","","",6
"Montague-street","","","",6
"Montague-street","","","",6
"Montreal","","","",
"Montrose","","","",
"Moor-Fields","","","",
"Moor-fields","","","",
"Moor-street","","","",6
"Moor-street","","","",6
"Moore Street","","","",6
"Moore Street","","","",6
"Moore-field Gate","","","",6
"Moorfields","","","",
"Moorsields","","","",
"most and pamphlet-shops","","","",
"most shops","","","",
"Mount Street","","","",6
"Mount-Row","","","",
"Mount-Street","","","",6
"Mountain Street","","","",6
"Mountain-Street","","","",6
"Mountrath-Street","","","",6
"Mr. Clayton's","","","",
"Mr. Dulue's","","","",
"Mr. James Davidson's shop","","","",
"Mr. Robinson's","","","",
"Mr. Verney's","","","",
"Nagg's Head-Court","","","",6
"Nando's Coffee-House","","","",7
"Narrow-Wine-Street","","","",6
"Naval and Military Printing-Office","","","",
"Nelson's Street","","","",6
"Net-Bond-Street","","","",6
"New Bond Street","","","",6
"New Bond Street London","","","",6
"New Bond-Street","","","",6
"New Bond-street","","","",6
"New Bondstreet","","","",6
"New Bridge-Street","","","",6
"New Bridge-street","","","",6
"New Broad-Street","","","",6
"New Buildings","","","",
"New Canal","","","",
"New Cavendish Street","","","",6
"New Chapel","","","",7
"new chapel","","","",7
"New Fishstreet Hill","","","",6
"New Gate-Street","","","",6
"New Hodge-Street","","","",6
"New London-Street","","","",6
"New Market-street","","","",6
"New North Street","","","",6
"New Room","","","",
"New Sackvile-Street","","","",6
"New Sackville-Street","","","",6
"New Street","","","",6
"New Turnstile","","","",
"New Vond-Street","","","",6
"New-Bond Street","","","",6
"New-Bond-Street","","","",6
"New-Bridge-Street","","","",6
"New-Buildings","","","",
"New-Chapel","","","",7
"New-Exchange","","","",
"New-Fish-street-Hill","","","",6
"New-gate Street","","","",6
"New-Gate-Street","","","",6
"New-Hall-Street","","","",6
"New-London","","","",
"New-Market","","","",
"New-street","","","",6
"New-Street","","","",6
"New-street Birmingham","","","",6
"New-Street Covent-Garden","","","",6
"New-Street-Square","","","",6
"Newark","","","",
"NewBond-Street","","","",6
"Newbond-Street","","","",6
"Newbury Street","","","",6
"Newbury-Street","","","",6
"Newcastle","","","",
"Newcastle Street","","","",6
"Newcastle upon Tyne","","","",
"Newcastle-Street","","","",6
"Newd-Street","","","",6
"Newgate","","","",6
"Newgate Street","Newgate Street","https://mapoflondon.uvic.ca/NEWG3.htm","London",6
"Newgate-Street","Newgate Street","https://mapoflondon.uvic.ca/NEWG3.htm","London",6
"Newgate-street","","","",6
"Newgates Street","Newgate Street","https://mapoflondon.uvic.ca/NEWG3.htm","London",6
"Newiugton Butts","","","",
"Newman Street","","","",6
"Newman-street","","","",6
"Newnorth-Street","","","",6
"Newport","","","",
"Newport Street","","","",6
"Newport-Street","","","",6
"Newport-street","","","",6
"Newstreet","","","",6
"Newton's-head","","","",
"Nicholson Street","","","",6
"Nicholson-Street","","","",6
"Nicholson-street","","","",6
"Nicholson's Street","","","",6
"Nicholson's-Street","","","",6
"Nicolson Street","","","",6
"Nicolson-Street","","","",6
"Nicolson's Street","","","",6
"Noble-Street","","","",6
"Norfolk","","","",
"Norfolk Street","","","",6
"Norfolk-Street","","","",6
"Norris-street","","","",6
"North America","","","",
"North Bridge Street","","","",6
"North Bridge-Street","","","",6
"North College-Street","","","",6
"North Fifth-Street","","","",6
"North Fourth-Street","","","",6
"North Main-Street","","","",6
"North Queenstreet","","","",6
"North Richmond Street","","","",6
"North Second Street","","","",6
"North Second-Street","","","",6
"North Street","","","",6
"North Third Street","","","",6
"North Third-Street","","","",6
"North Third-street","","","",6
"North-Audley Street","","","",6
"North-Bridge Street","","","",6
"North-College Street","","","",6
"North-Green","","","",
"North-Main-Street","","","",6
"North-Street","","","",6
"North-street","","","",6
"Northampton","","","",
"Northum-Berland-House","","","",7
"Northumberland Street","","","",6
"Northumberland-House","","","",7
"Norton-Street","","","",6
"Norwich","Norwich","","",3
"Norwich.","Norwich","","",3
"Notre-Dame Street","","","",6
"Nottingham","","","",
"Number 65","","","",
"office of paper of World","","","",
"Old Bailey","","","",
"Old Bond Street","","","",6
"Old Bond- Street","","","",6
"Old Bond-Street","","","",6
"Old Bond-street","","","",6
"Old Bondstreet","","","",6
"Old Bridge","","","",6
"Old Broad Street","","","",6
"Old Broad-Street","","","",6
"Old Broad-street","","","",6
"Old Change","","","",
"Old Church-Street","","","",6
"Old Fish-streete","","","",6
"Old Gravel Lane","","","",6
"Old Post Office","","","",
"Old Post-Office Coffee House","","","",7
"Old Round Court","","","",6
"Old Street","","","",6
"Old-Bailey","","","",
"Old-Baily","","","",
"Old-Bond-Street","","","",6
"Old-Fish-streete","","","",6
"Old-Street","","","",6
"Olde Fish-street","","","",6
"Opera-House","","","",7
"Opera-Office","","","",
"Orange Street","","","",6
"Orange-Street","","","",6
"Orange-street","","","",6
"Ormond-Quay","","","",
"Otway's-Head","","","",
"Oxendon-Street","","","",6
"Oxford","","","",
"Oxford Arms","","","",
"Oxford Arms Passage","","","",
"Oxford Market","","","",
"Oxford Street","","","",6
"Oxford Theatre","","","",7
"Oxford-Arms","","","",
"Oxford-Market","","","",
"Oxford-Street","","","",6
"Oxford-street","","","",6
"Oxford-Street London","","","",6
"Oxford-Theatre","","","",7
"Paddington Street","","","",6
"Palace Street","","","",6
"Palace-Street","","","",6
"Palace-street","","","",6
"Palace-Street' Manchester","","","",6
"Pall Mall","","","",
"Pall-Mail","","","",
"Pall-Mall","","","",
"Pall-Mall.","","","",
"Pallmall","","","",
"Palsgrave-Head-Court","","","",6
"Palsgrave's-Head-Court","","","",6
"Pamphlet Shops","","","",
"pamphlet shops","","","",
"pamphlet-shops","","","",
"Panton Street","","","",6
"Panton-Street","","","",6
"Panton-street","","","",6
"Paper-Mill","","","",
"Park-Street","","","",6
"Parliament Close","","","",
"Parliament Square","","","",6
"Parliament Street","","","",6
"Parliament-Close","","","",
"Parliament-House","","","",7
"Parliament-Square","","","",6
"Parliament-Street","","","",6
"Parliament-street","","","",6
"Parson's-Street","","","",6
"Partick-Street","","","",6
"Paster-Noster-Row","Paternoster Row","https://mapoflondon.uvic.ca/PATE1.htm","London",6
"Pater noster Row","Paternoster Row","https://mapoflondon.uvic.ca/PATE1.htm","London",6
"Pater Noster Row","Paternoster Row","https://mapoflondon.uvic.ca/PATE1.htm","London",6
"Pater Noster-Row","Paternoster Row","https://mapoflondon.uvic.ca/PATE1.htm","London",6
"Pater-Noster Row","Paternoster Row","https://mapoflondon.uvic.ca/PATE1.htm","London",6
"Pater-noster Row","Paternoster Row","https://mapoflondon.uvic.ca/PATE1.htm","London",6
"Pater-Noster row","Paternoster Row","https://mapoflondon.uvic.ca/PATE1.htm","London",6
"Pater-Noster-Row","Paternoster Row","https://mapoflondon.uvic.ca/PATE1.htm","London",6
"Pater-noster-Row","Paternoster Row","https://mapoflondon.uvic.ca/PATE1.htm","London",6
"Pater-noster-row","Paternoster Row","https://mapoflondon.uvic.ca/PATE1.htm","London",6
"Pater-Noster-Street","","","",6
"Pater-Nostor-Row","Paternoster Row","https://mapoflondon.uvic.ca/PATE1.htm","London",6
"Pater-Nostre-Row","Paternoster Row","https://mapoflondon.uvic.ca/PATE1.htm","London",6
"Paternoster Row","Paternoster Row","https://mapoflondon.uvic.ca/PATE1.htm","London",6
"Paternoster-Row","Paternoster Row","https://mapoflondon.uvic.ca/PATE1.htm","London",6
"Paternoster-row","Paternoster Row","https://mapoflondon.uvic.ca/PATE1.htm","London",6
"Paternoster-Row.","Paternoster Row","https://mapoflondon.uvic.ca/PATE1.htm","London",6
"Patrick-Street","","","",6
"Patrick's-Street","","","",6
"Paul-Street","","","",6
"Pavement","","","",
"Peacock","","","",
"Pearl Street","","","",6
"Pearl-Street","","","",6
"Pembroke-Court","","","",6
"Penchurch-Street","","","",6
"Percy Street","","","",6
"Peter-Street","","","",6
"Peterborough","","","",
"Peterborough Court","","","",6
"Petticoat-Lane","","","",6
"Philadelphia","","","",
"Philobiblian's-Library","","","",7
"Piazza","","","",
"Piazza of Royal Exchange","","","",
"Picadilly","Picadilly","https://mapoflondon.uvic.ca/PICA1.htm","London",
"Piccadilly","Picadilly","https://mapoflondon.uvic.ca/PICA1.htm","London",
"Piccadilly.","Picadilly","https://mapoflondon.uvic.ca/PICA1.htm","London",
"Piccadily-Street","","","",6
"Pike-Street","","","",6
"Pilgrim-Street","","","",6
"Pilgrim-street","","","",6
"Pimlico","","","",
"Pine-Street","","","",6
"Piod-Horse","","","",
"Pitt-Street","","","",6
"Plato's Head","","","",
"Plazza","","","",
"Plymouth","","","",
"Poets Heads","","","",
"Pol-Street","","","",6
"Pool--Lane","","","",6
"Pop-Gun","","","",
"Pope's Head","Pope's Head Alley","https://mapoflondon.uvic.ca/POPE4.htm","London",6
"Pope's-Head","Pope's Head Alley","https://mapoflondon.uvic.ca/POPE4.htm","London",6
"Pope's-Head Alley","Pope's Head Alley","https://mapoflondon.uvic.ca/POPE4.htm","London",6
"Popes-Head.","Pope's Head Alley","https://mapoflondon.uvic.ca/POPE4.htm","London",6
"Popping's Court","","","",6
"Portman-street","","","",6
"Portmouth Street","","","",6
"Portsmooth-Street","","","",6
"Portsmouth Street","","","",6
"Portsmouth-Street","","","",6
"Portsmouth-street","","","",6
"Portugal Street","","","",6
"Portugal-Street","","","",6
"Portugal-street","","","",6
"Post-House","","","",7
"Postern-Row","","","",
"Poultrey","","","",
"Poultry","","","",
"Poulty","","","",
"Primrose-Street","","","",6
"prin-office","","","",
"Prince's Arms","","","",
"Prince's Street","","","",6
"Prince's-Arms","","","",
"Prince's-Street","","","",6
"Prince's-street","","","",6
"Princes Street","","","",6
"Princes-Street","","","",6
"Princes's-Arms","","","",
"Princess-Street","","","",6
"prining-office","","","",
"Printers-Street","","","",6
"Printers' Street","","","",6
"Printing Office","","","",
"printing office","","","",
"Printing-House-Square","","","",6
"printing-office","","","",
"Printing-Office","","","",
"Printing-Press","","","",7
"Priory-Street","","","",6
"Provost's House.","","","",
"Prujean-Court","","","",6
"Pump-Court","","","",6
"Pye-corner","","","",
"Quay-street","","","",6
"Queen Street","","","",6
"Queen-Street","","","",6
"Queen-street","","","",6
"Queen's Head","","","",
"Queen's-Head","","","",
"Queenes-head Tavern","","","",7
"Queens-head Tavern","","","",7
"Queenstreet","","","",6
"Race-Street","","","",6
"Ram-Head-Inn-Yard","","","",6
"Ratcliff-Highway","","","",
"Raven","","","",
"Ray Street","","","",6
"Ray-street","","","",6
"Reading","","","",
"recorder Printing-office","","","",
"Red Cross Street","","","",6
"Red Lion","","","",
"Red Lion Passage","","","",
"Red Lion Street","","","",6
"Red Lion-Street","","","",6
"Red Lyon","","","",
"Red-Cross-Street","","","",6
"Red-Lion","","","",
"Red-Lion Street","","","",6
"Red-Lion-Court","","","",6
"Red-Lion-Passage","","","",
"Red-Lion-Street","","","",6
"Red-Lyon","","","",
"Redcliff-Street","","","",6
"Redcliff-street","","","",6
"Rein-Deer","","","",
"Rev. Mr. Wesley's chapel","","","",7
"Rev. Mr. Wesley's preaching-houses","","","",
"Rich Street London","","","",6
"Richard's Coffee-House","","","",7
"Richd. Scott Argyle Street","","","",6
"Ring","","","",
"Rising-Sun","","","",
"Rixham Row","","","",
"Rochester","","","",
"Roe-Buck","","","",
"Rose","","","",
"Rose and Crown","","","",
"Rose Tavern","","","",7
"Rose-Street","","","",6
"Rose-Tree","","","",
"Rosomans Street","","","",6
"Rosomans Street","","","",6
"Rouen","","","",
"Row Street","","","",6
"Rowe's Head","","","",
"Rowe's-Head","","","",
"Royal - Exchange","Royal Exchage","https://mapoflondon.uvic.ca/ROYA1.htm","London",7
"Royal Exchage","Royal Exchage","https://mapoflondon.uvic.ca/ROYA1.htm","London",7
"Royal Exchange","Royal Exchage","https://mapoflondon.uvic.ca/ROYA1.htm","London",7
"Royal Street","","","",6
"Royal-Exchange","Royal Exchage","https://mapoflondon.uvic.ca/ROYA1.htm","London",7
"Royal-exchange","Royal Exchage","https://mapoflondon.uvic.ca/ROYA1.htm","London",7
"Royal-Excharge.","Royal Exchage","https://mapoflondon.uvic.ca/ROYA1.htm","London",7
"Royal-Street","","","",6
"Rupert-Street","","","",6
"Russel Street","","","",6
"Russel-Court","","","",6
"Russel-Street","","","",6
"Russel-street","","","",6
"Russell Court","","","",6
"Russell Street","","","",6
"Russell-Court","","","",6
"Russell-Street","","","",6
"Russell-street","","","",6
"S. Bartholomews","","","",
"S. Pauls Church-yard","","","",6
"Sackville Street","","","",6
"Sackville-Street","","","",6
"Sackville-street","","","",6
"Sadler Street","","","",6
"Saint Martin's Court","","","",6
"Saint Paul's Church-Yard","","","",6
"Salisbury","","","",
"Salisbury Exchange","","","",
"Salisbury-Court","","","",6
"Salisbury-Street","","","",6
"Saltmarket","","","",
"Sankey-street","","","",6
"Sationers-Hall","","","",
"Savoy","","","",
"Scalding-Alley","","","",6
"School-Room","","","",
"School-Street","","","",6
"Scotland","","","",
"Scrjeants-Inn Gate","","","",6
"Searjeant's Inn","","","",
"Searle's-Street","","","",6
"Seathgate-Street","","","",6
"Second Street","","","",6
"Second-Street","","","",6
"Second-street","","","",6
"Second-Streets","","","",6
"Seething-Lane","","","",6
"Serjeant's Inn","","","",
"Serjeant's Inn Gate","","","",6
"Serjeant's-Inn","","","",
"Serjeant's-Inn-Gate","","","",6
"Serjeants Inn","","","",
"Serjeants-Inn","","","",
"Serjeants-Inn-Gate","","","",6
"Serles Gate","","","",6
"Seven Dials","","","",
"Seven Stars","","","",
"Seven-Dials","","","",
"Seven-Stars","","","",
"several pamphlet-shops","","","",
"Shakespear's Head","","","",
"Shakespear's-head","","","",
"Shakespear's-Head","","","",
"Shakespeare's Head","","","",
"Shakspeare's Head","","","",
"Sheffield","","","",
"Sherborn","","","",
"Sherborne","","","",
"Sherbourn-Lane","","","",6
"Sherburn","","","",
"Ship","","","",
"Ship and Black-Swan","","","",
"ship and Black-Swan","","","",
"Shoemaker-Row","","","",
"shop of Alex. Weir","","","",
"shop of Messieurs Davidson and Trail","","","",
"shops","","","",
"Shrewsbury","","","",
"Sign of Book and Angel","","","",
"Sign of Globe","","","",
"sign of Goat","","","",
"Sign of New Testament","","","",
"Silver Street","","","",6
"Silver-Street","","","",6
"Sir Isaac Newton's Head","","","",
"Skinner Row","","","",
"Skinner-Row","","","",
"Small-Street","","","",6
"Smoak-Alley","","","",6
"Sobo","","","",
"Sohe","","","",
"Soho","","","",
"Somerset House","Somerset House","https://mapoflondon.uvic.ca/SOME1.htm","",7
"Somerset-House","Somerset House","https://mapoflondon.uvic.ca/SOME1.htm","",7
"Somerset-Place","","","",
"Soubise-street","","","",6
"South Andler Street","","","",6
"South Audley Street","","","",6
"South Audley-Street","","","",6
"South Bridge Street","","","",6
"South Bridge-Street","","","",6
"South Front-Street","","","",6
"South Great George's Street","","","",6
"South Great George's-Street","","","",6
"South Great-George's-Street","","","",6
"South Gt. George's-Street","","","",6
"South Market Street","","","",6
"South Piaza","","","",
"South Piaza of Royal-Exchange","","","",
"South Secon-Street","","","",6
"South Second Street","","","",6
"South Second-Street","","","",6
"South Street","","","",6
"South Third Street","","","",6
"South-Audley-Street","","","",6
"South-Bridge-Street","","","",6
"South-Gate-Street","","","",6
"South-Great-George's-Street","","","",6
"South-Sea House","","","",7
"South-Second-Street","","","",6
"South-street","","","",6
"South-Street","","","",6
"South-West","","","",
"Southampton","","","",
"Southampton street","","","",6
"Southampton Street","","","",6
"Southampton-Street","","","",6
"Southbridge-Street","","","",6
"Southgate-Street","","","",6
"Southton.","","","",
"Southwark","","","",
"Spiceal-Street","","","",6
"Spicer-Street","","","",6
"Spinning-wheel","","","",
"Spital-Square","","","",6
"Spitalfields","","","",
"Spring-Gardens","","","",
"Spring-street","","","",6
"Spring-Street","","","",6
"Spruce-street","","","",6
"Spruce-Street","","","",6
"Spur-Street","","","",6
"Sr. Dunstan's-Church","","","",7
"St Andrew's Street","","","",6
"St Dunstan's Church","","","",7
"St James's Square","","","",6
"St James's Street","","","",6
"St John's Lane","","","",6
"St Paul's Church-Yard","St. Paul's Churchyard","https://mapoflondon.uvic.ca/STPA3.htm","",6
"St Paul's Churchyard","St. Paul's Churchyard","https://mapoflondon.uvic.ca/STPA3.htm","",6
"St. Alban's-Street","","","",6
"St. Alban's-street","","","",6
"St. Andrew's Street","","","",6
"St. Ann's","","","",
"St. Clement's Church","","","",7
"St. Clement's Church-Yard","","","",6
"St. Clement's-Church","","","",7
"St. Clements Church","","","",7
"St. Dunstan's Church","","","",7
"St. Dunstan's-Church","","","",7
"St. Dunstans Church","","","",7
"St. Giles's","","","",
"St. Iohn Street","","","",6
"St. Jame's-Street","","","",6
"St. James Street","","","",6
"St. James-Street","","","",6
"St. James' Street","","","",6
"St. James's","","","",
"St. James's House","","","",7
"St. James's Square","","","",6
"St. James's Street","","","",6
"St. James's-Square","","","",6
"St. James's-Street","","","",6
"St. James's-street","","","",6
"St. Jameses Street","","","",6
"St. Jameses-Street","","","",6
"St. John Street","","","",6
"St. John-Street","","","",6
"St. John's Lane","","","",6
"St. John's Square","","","",6
"St. John's Street","","","",6
"St. John's-Street","","","",6
"St. Magnus Church","","","",7
"St. Magnus-Church","","","",7
"St. Martin's Church","","","",7
"St. Martin's Court","","","",6
"St. Martin's Lane","","","",6
"St. Martin's Lanz","","","",
"St. Martin's-Court","","","",6
"St. Martin's-Lane","","","",6
"St. Martin's-Street","","","",6
"St. Mary Aldermary Church-yard","","","",6
"St. Paul","St. Paul's Churchyard","https://mapoflondon.uvic.ca/STPA3.htm","",
"St. Paul's","St. Paul's Churchyard","https://mapoflondon.uvic.ca/STPA3.htm","",
"St. Paul's Church Yard","St. Paul's Churchyard","https://mapoflondon.uvic.ca/STPA3.htm","",6
"St. Paul's Church Yards","St. Paul's Churchyard","https://mapoflondon.uvic.ca/STPA3.htm","",
"St. Paul's Church-Yard","St. Paul's Churchyard","https://mapoflondon.uvic.ca/STPA3.htm","",6
"St. Paul's Church-yard","St. Paul's Churchyard","https://mapoflondon.uvic.ca/STPA3.htm","",6
"St. Paul's Church-Yard.","St. Paul's Churchyard","https://mapoflondon.uvic.ca/STPA3.htm","",
"St. Paul's Churchyard","St. Paul's Churchyard","https://mapoflondon.uvic.ca/STPA3.htm","",6
"St. Paul's-Church-Yard","St. Paul's Churchyard","https://mapoflondon.uvic.ca/STPA3.htm","",6
"ST. Paul's-Church-Yard","","","",6
"St. Paul's-Churchyard","St. Paul's Churchyard","https://mapoflondon.uvic.ca/STPA3.htm","",6
"St. Pauls","St. Paul's Churchyard","https://mapoflondon.uvic.ca/STPA3.htm","",
"St. Pauls Church Yard","St. Paul's Churchyard","https://mapoflondon.uvic.ca/STPA3.htm","",6
"St. Pauls' Church-Yard","St. Paul's Churchyard","https://mapoflondon.uvic.ca/STPA3.htm","",6
"St. Peter's Church-Yard","","","",6
"St. Thomas Street","","","",6
"St. Thomas's Street","","","",6
"St. Thomas's-Street","","","",6
"St. Thomas's-street","","","",6
"St.Duncan's hurch","","","",
"Stafford","","","",
"Stafford Street","","","",6
"Stafford-Street","","","",6
"Stafford-street","","","",6
"stage-door","","","",
"Stamford","","","",
"Stamp-Office","","","",
"Stanford Street","","","",6
"Staple Inn-Gate","","","",6
"Star","","","",
"State Street","","","",6
"State-Street","","","",6
"Stationer's Court","","","",6
"Stationer's Hall","Stationers’ Hall","https://mapoflondon.uvic.ca/STAT1.htm","",
"Stationer's-Hall","Stationers’ Hall","https://mapoflondon.uvic.ca/STAT1.htm","",
"Stationer's-hall","Stationers’ Hall","https://mapoflondon.uvic.ca/STAT1.htm","",
"Stationers Court","","","",6
"Stationers Hall","Stationers’ Hall","https://mapoflondon.uvic.ca/STAT1.htm","",
"Stationers-Court","","","",6
"Stationers-Hall","Stationers’ Hall","https://mapoflondon.uvic.ca/STAT1.htm","",
"Stationers-hall","Stationers’ Hall","https://mapoflondon.uvic.ca/STAT1.htm","",
"Stationers' Court","","","",6
"Stationers' Hall.)","Stationers’ Hall","https://mapoflondon.uvic.ca/STAT1.htm","",
"Stationers'-Court","","","",6
"Stationers's-Court","","","",6
"Stationery Hall","Stationers’ Hall","https://mapoflondon.uvic.ca/STAT1.htm","",
"Statiouer's-Hall","Stationers’ Hall","https://mapoflondon.uvic.ca/STAT1.htm","",
"Stephen-Street","","","",6
"Stephen's Green","","","",
"Stirling","","","",
"Stocks-Market","","","",
"Stonecutter Fleet market","","","",
"Stonecutter-Street","","","",6
"Strana","","","",
"Strand","","","",
"strand","","","",
"Strand-Street","","","",6
"Strawberry Hill Press","","","",7
"Suffolk","","","",
"Suffolk-Street","","","",6
"Sun","","","",
"Sun and Bible","","","",
"Sun and Moon","","","",
"Sun Street","","","",6
"Sun-Street","","","",6
"Surgeon's-Hall","","","",
"Surry","","","",
"Surry Side","","","",
"Surry-Street","","","",6
"Swaffham","","","",
"Swal-Low-Street","","","",6
"Swallow Street","","","",6
"Swallow-Street","","","",6
"Swan and Fan","","","",
"Swan-Close","","","",
"Swift's Head","","","",
"Swine Newgate-Street","","","",6
"Sword and Buckler Court","","","",6
"Sword and Buckler-Court","","","",6
"Sycamore-Alley","","","",6
"Sympson's","","","",
"Sympson's Warehouse","","","",7
"Tabernacle","","","",
"Talbot-Court","","","",6
"Tanfield Court","","","",6
"Taunton","","","",
"Tavistock-Street","","","",6
"Tavistock-street","","","",6
"Tember-Bar","Temple Bar","https://mapoflondon.uvic.ca/TEMP1.htm","",
"Temple Bar","Temple Bar","https://mapoflondon.uvic.ca/TEMP1.htm","",
"Temple Church","Temple Church","https://mapoflondon.uvic.ca/TEMP4.htm","",7
"Temple Cloisters","","","",
"Temple Gate","","","",6
"Temple Gates","","","",
"Temple-Bar","Temple Bar","https://mapoflondon.uvic.ca/TEMP1.htm","",
"Temple-bar","Temple Bar","https://mapoflondon.uvic.ca/TEMP1.htm","",
"temple-bar","Temple Bar","https://mapoflondon.uvic.ca/TEMP1.htm","",
"Temple-Bar.","Temple Bar","https://mapoflondon.uvic.ca/TEMP1.htm","",
"Temple-Barr","Temple Bar","https://mapoflondon.uvic.ca/TEMP1.htm","",
"Temple-Cloysters","","","",
"Temple-Exchange","","","",
"Temple-Exchange Coffee-House","","","",7
"Temple-Gate","","","",6
"Temple-Gates","","","",
"Temple-Gloysters","","","",
"Temple-street","","","",6
"Temple-Street","","","",6
"Thames-Street","","","",6
"that End of Great Queen-Street.","","","",6
"Theatre","","","",7
"their chapel","","","",7
"their fortunate and correct State-Lottery Office","","","",
"their Printing-house","","","",7
"their printing-office","","","",
"their respective Circulating Libraries","","","",
"their respective circulating Libraries","","","",
"their warehouse","","","",7
"Third Street","","","",6
"Third-Street","","","",6
"Third-street","","","",6
"Thomas-Street","","","",6
"Thomas's Street","","","",6
"Thomas's-Street","","","",6
"Thornhaugh Street","","","",6
"Threadneedle Street","","","",6
"Threadneedle-Street","","","",6
"Threadneedle-street","","","",6
"Three Crowns","","","",
"Three Crowns and Looking-Glass","","","",
"Three Flower-de-Luces","","","",
"Three Flower-deluces","","","",
"Three Golden Flower-de-Luces","","","",
"Three Poets","","","",
"Throgmorton-Street","","","",6
"Tillotson's-Head","","","",
"Titchfield-Street","","","",6
"to Bridge","","","",6
"to Castie-Market","","","",
"to Cloisters","","","",
"to Cloysters","","","",
"to Cross-Well","","","",
"to Horse-Guard","","","",
"to Niddrey's-Wynd","","","",
"to Niddry's-Wynd","","","",
"to Rose Tavern","","","",7
"to Somerset-House","","","",7
"Tom's Coffee-House","","","",7
"Tooley Street","","","",6
"Tooley-Street","","","",6
"Tooley-street","","","",6
"Toregate-Street","","","",6
"Tothill Street","","","",6
"Tower Street","","","",6
"Tower-Hill","Tower Hill","https://mapoflondon.uvic.ca/TOWE1.htm","",
"Tower-street","","","",6
"Tower-Street","","","",6
"town and country","","","",
"Town and Country","","","",
"Town and Country.","","","",
"Town-Street","","","",6
"Townsend-Street","","","",6
"Tradd-Street","","","",6
"Trinity-street","","","",6
"Trinity-Street","","","",6
"Trongate","","","",6
"Trumpington-Street","","","",6
"Tully's Head","","","",
"Tully's-Head","","","",
"Tunbridge-Wells","","","",
"Turk's Head","","","",
"Turk's-Head","","","",
"Turl","","","",
"Turle","","","",
"Turn-again-Lane","","","",6
"Turn-Again-Lane","","","",6
"Turnpike","","","",
"Two Bibles","","","",
"Two Temple Gates","","","",
"two Temple-Gates","","","",
"Tycho Brahe's Head","","","",
"Tyne Bridge End","","","",
"Unicorn","","","",
"Union Street","","","",6
"Union-Street","","","",6
"United States","","","",
"Universal Register-Office","","","",
"University","","","",
"University-Press","","","",7
"Univorne","","","",
"Upper Eaton-Street","","","",6
"Upper Mary-le-bone Street","","","",6
"Upper Mary-Le-Bone Street","","","",6
"Upper Mary-LE-Bone-Street","","","",6
"Upper Marybone-Street","","","",6
"Upper Thames Street","","","",6
"Upper-Mary-le-bone Street","","","",6
"Upper-Mary-le-bone-street","","","",6
"Upper-Moorfields","","","",
"Upper-Street","","","",6
"Vernon-Street","","","",6
"Villiers' Street","","","",6
"Vine","","","",
"Vine-Court","","","",6
"Vine-Street","","","",6
"Wakefield","","","",
"Wall-Street","","","",6
"Walsall","","","",
"Wapping","","","",
"Wardour street","","","",6
"Wardour Street","","","",6
"Wardour Street","","","",6
"Wardour-Street","","","",6
"Wardrobe Court","","","",6
"Warren Street","","","",6
"Warren-Street","","","",6
"Warren-Street","","","",6
"Warriston's Close","","","",
"Warriston's Closs","","","",
"Warwic-Court","","","",6
"Warwick Court","","","",6
"Warwick Lane","Warwick Lane","","",6
"Warwick lane","Warwick Lane","","",6
"Warwick Square","","","",6
"Warwick Street","","","",6
"Warwick Street","","","",6
"Warwick-Lane","Warwick Lane","","",6
"Warwick-lane","Warwick Lane","","",6
"Warwick-Square","","","",6
"Warwick-Street","","","",6
"Warwick-street","","","",6
"Warwick-Street","","","",6
"Washington's Head","","","",
"watch-house","","","",7
"Water Street","","","",6
"Water Street","","","",6
"Water-Lane","","","",6
"Water-lane","","","",6
"Water-Side","","","",
"Water-side","","","",
"Water-Side.","","","",
"Water-Street","","","",6
"Water-Street","","","",6
"Watling Street","","","",6
"Watling-Street","","","",6
"Well-Meadow","","","",
"Well-Street","","","",6
"Well-Street","","","",6
"Wellclose Square","","","",6
"Wellclose-Square","","","",6
"Wellclose-Squre","","","",
"Wells-Street","","","",6
"Wells-Street","","","",6
"Welsh-Pool","","","",
"Welshpool","","","",
"West","","","",
"West - Smithfield","","","",
"West End","","","",
"West King-Street","","","",6
"West Smithfield","","","",
"West Street","","","",6
"West-Chester","","","",
"West-Cowes","","","",
"West-end","","","",
"West-End","","","",
"West-Minster","","","",
"West-minster","","","",
"West-Port","","","",
"West-port","","","",
"West-Row","","","",
"West-smith-field","","","",
"West-Smith-field","","","",
"West-smithfield","","","",
"West-Smithfield","","","",
"West-Springfield","","","",
"West-Square","","","",6
"West-Street","","","",6
"West-street","","","",6
"West-street","","","",6
"Westchester","","","",
"Westgate-Buildings","","","",
"Westgate-Street","","","",6
"Westgate-Street","","","",6
"Westminister","","","",
"Westminister-Hall","","","",
"Westminster","","","",
"Westminster Bridge","","","",6
"Westminster Hall","","","",
"Westminster-Bridge","","","",6
"Westminster-Hall","","","",
"Westminster-hall","","","",
"Westminster-Street","","","",6
"Westminster-Street","","","",6
"Westmoreland Buildings","","","",
"Westmoreland-Buildings","","","",
"Wheatsheaf","","","",
"Wheel alley","","","",6
"Whitchurch","","","",7
"White chapel","","","",7
"White Fryers","","","",
"White Hart","","","",
"White Swan","","","",
"White-Chapel","Whitechapel","","",7
"White-Fleet-Street","","","",6
"White-Friers","","","",
"White-Fryars","","","",
"White-Fryers","","","",
"White-hall","","","",
"White-Hall","","","",
"White-hall Dock","","","",
"White-Hart","","","",
"White-hart-court","","","",6
"White-Hart-Court","","","",6
"White-Hart-Yard","","","",6
"White-Horse Inn","","","",
"White-Lion-Alley","","","",6
"White-Lion-Street","","","",6
"White-Rose Court","","","",6
"White-Rose-Court","","","",6
"White-Rose-court","","","",6
"White-Row","","","",
"White-Swan","","","",
"White's Chocolate House","","","",7
"White's Chocolate-House","","","",7
"White's Coffee-House","","","",7
"Whiteball","","","",
"Whitechapel","Whitechapel","","",7
"Whitechapel Road","","","",6
"Whitechapel Road-Side","","","",
"Whitechapel-Bars","","","",
"Whitechapel-Road","","","",6
"Whitechappel","","","",7
"Whiteehapel","","","",
"Whitefriars","","","",
"Whitehall","Whitehall","https://mapoflondon.uvic.ca/WHIT5.htm","",
"Whitehaven","","","",
"Whiteheaven","","","",
"Widegate Street","","","",6
"Widegate-Street","","","",6
"Wigmore-Street","","","",6
"Wild Street","","","",6
"Wild-Court","","","",6
"Wild-Street","","","",6
"Wilde-Street","","","",6
"Will's Coffee-House","","","",7
"William-Street","","","",6
"Wilson Street","","","",6
"Wilson-Street","","","",6
"Wilson's Street","","","",6
"Wimpole Street","","","",6
"Wimpole-Street","","","",6
"Wimpole-street","","","",6
"Winchester","","","",
"Winckworth's Buildings","","","",
"Windmill","","","",
"Windmill Street","","","",6
"Windmill-Street","","","",6
"Windmill-street","","","",6
"Wine office-court","","","",6
"Wine Street","","","",6
"Wine-Office-Court","","","",6
"Wine-Street","","","",6
"Wine-street","","","",6
"Winetavern-street","","","",6
"Winkworth's-Buildings","","","",
"Winpole Street","","","",6
"Wisbech","","","",
"Witch-Street","","","",6
"Woburn Street","","","",6
"Woeurn Street","","","",6
"Wood St Westr","","","",
"Wood Street","","","",6
"Wood-Street","","","",6
"Woodstock-Street","","","",6
"Woodstreet","","","",6
"Worcester","","","",
"Worcester-Street","","","",6
"Worcestershire","","","",
"World","","","",
"Worship Street","","","",6
"Worship-Street","","","",6
"Wrexham","","","",
"Wych-Street","","","",6
"Yarmouth","","","",
"York","","","",
"York - Buildings","","","",
"York Buildings","","","",
"York Street","","","",6
"York-house","","","",7
"York-Streeet","","","",
"York-Street","","","",6
"York-street","","","",6
"York.","","","",
"Yorkstreet","","","",6
