ESTC	geonameid	name	asciiname	latitude	longitude	country.code	admin1	admin2	admin3	admin4	population	timezone
Abbeville	NA	NA	NA	NA	NA	NA	NA	NA	NA	NA	NA	NA
Aberdeen	2657832	Aberdeen	Aberdeen	57.14369	-2.09814	GB	SCT	T5			183790	Europe/London
Abingdon	2657780	Abingdon	Abingdon	51.67109	-1.28278	GB	ENG	K2	38UE		37192	Europe/London
Albany N.Y	NA	NA	NA	NA	NA	NA	NA	NA	NA	NA	NA	NA
Aldermanbury	NA	NA	NA	NA	NA	NA	NA	NA	NA	NA	NA	NA
Alexandria Va	NA	NA	NA	NA	NA	NA	NA	NA	NA	NA	NA	NA
Alnwick	2657438	Alnwick	Alnwick	55.41318	-1.70563	GB	ENG	J6	00EM008		7940	Europe/London
Altmore	NA	NA	NA	NA	NA	NA	NA	NA	NA	NA	NA	NA
Altona	NA	NA	NA	NA	NA	NA	NA	NA	NA	NA	NA	NA
America	NA	NA	NA	NA	NA	NA	NA	NA	NA	NA	NA	NA
Amherst N.H	NA	NA	NA	NA	NA	NA	NA	NA	NA	NA	NA	NA
Ampthill	2657337	Ampthill	Ampthill	52.02694	-0.49567	GB	ENG	Z6	00KC001		6918	Europe/London
Amsterdam	2759794	Amsterdam	Amsterdam	52.37403	4.88969	NL	07	0363			741636	Europe/Amsterdam
Andover Ma	NA	NA	NA	NA	NA	NA	NA	NA	NA	NA	NA	NA
Annapolis Md	NA	NA	NA	NA	NA	NA	NA	NA	NA	NA	NA	NA
Antwerp	5145848	Antwerp	Antwerp	41.18144	-84.74051	US	OH	125			1736	America/New_York
Augusta Ga	NA	NA	NA	NA	NA	NA	NA	NA	NA	NA	NA	NA
Augusta Me	NA	NA	NA	NA	NA	NA	NA	NA	NA	NA	NA	NA
Ayr	NA	NA	NA	NA	NA	NA	NA	NA	NA	NA	NA	NA
Baltimore Md	4347778	Baltimore	Baltimore	39.29038	-76.61219	US	MD	510			620961	America/New_York
Banbury	2656406	Banbury	Banbury	52.0632	-1.34222	GB	ENG	K2	38UB		46075	Europe/London
Basel	2661604	Basel	Basel	47.55839	7.57327	CH	BS	1200	2701		164488	Europe/Zurich
Bath	NA	NA	NA	NA	NA	NA	NA	NA	NA	NA	NA	NA
Belfast	NA	NA	NA	NA	NA	NA	NA	NA	NA	NA	NA	NA
Bennington Vt	NA	NA	NA	NA	NA	NA	NA	NA	NA	NA	NA	NA
Berlin	NA	NA	NA	NA	NA	NA	NA	NA	NA	NA	NA	NA
Bern	2661552	Bern	Bern	46.94809	7.44744	CH	BE	246	351		121631	Europe/Zurich
Beverley	NA	NA	NA	NA	NA	NA	NA	NA	NA	NA	NA	NA
Birmingham	NA	NA	NA	NA	NA	NA	NA	NA	NA	NA	NA	NA
Birstall	NA	NA	NA	NA	NA	NA	NA	NA	NA	NA	NA	NA
Bishopstone	NA	NA	NA	NA	NA	NA	NA	NA	NA	NA	NA	NA
Blackburn	NA	NA	NA	NA	NA	NA	NA	NA	NA	NA	NA	NA
Bolton	2655237	Bolton	Bolton	53.58333	-2.43333	GB	ENG	B1			141331	Europe/London
Bombay	1275339	Mumbai	Mumbai	19.07283	72.88261	IN	16	518			12691836	Asia/Kolkata
Boston	2655138	Boston	Boston	52.97633	-0.02664	GB	ENG	H7	32UB		35859	Europe/London
Boston Ma	4183849	Boston	Boston	30.79186	-83.78989	US	GA	275			1315	America/New_York
Bottisham	2655123	Bottisham	Bottisham	52.2228	0.25878	GB	ENG	C3	2650488		2027	Europe/London
Bouillon	2801283	Bouillon	Bouillon	49.79324	5.06703	BE	WAL	WLX	84	84010	5347	Europe/Brussels
Boulogne	NA	NA	NA	NA	NA	NA	NA	NA	NA	NA	NA	NA
Brattleborough Vt	NA	NA	NA	NA	NA	NA	NA	NA	NA	NA	NA	NA
Brentford	2654787	Brentford	Brentford	51.48619	-0.3083	GB	ENG	GLA	D9		10750	Europe/London
Bridgetown Barbados	NA	NA	NA	NA	NA	NA	NA	NA	NA	NA	NA	NA
Bridgnorth	2654731	Bridgnorth	Bridgnorth	52.53661	-2.42033	GB	ENG	L6	00GG032		12156	Europe/London
Bristol	2654675	Bristol	Bristol	51.45523	-2.59665	GB	ENG	B7			430713	Europe/London
Brookfield Ma	NA	NA	NA	NA	NA	NA	NA	NA	NA	NA	NA	NA
Brussels	2800866	Brussels	Brussels	50.85045	4.34878	BE	BRU	BRU	21	21004	1019022	Europe/Brussels
Buckden	2654419	Buckden	Buckden	52.29415	-0.24912	GB	ENG	C3	12UE		2438	Europe/London
Bungay	2654327	Bungay	Bungay	52.45434	1.43818	GB	ENG	N5	42UH		5004	Europe/London
Burlington N.J	NA	NA	NA	NA	NA	NA	NA	NA	NA	NA	NA	NA
Burlington Vt	NA	NA	NA	NA	NA	NA	NA	NA	NA	NA	NA	NA
Burnley	2654264	Burnley	Burnley	53.8	-2.23333	GB	ENG	H2	30UD		73480	Europe/London
Bury	2654187	Bury	Bury	53.6	-2.3	GB	ENG	C1			61044	Europe/London
Caen	NA	NA	NA	NA	NA	NA	NA	NA	NA	NA	NA	NA
Calcutta	5148883	Calcutta	Calcutta	40.6734	-80.57646	US	OH	029			3742	America/New_York
Cambridge	2653941	Cambridge	Cambridge	52.2	0.11667	GB	ENG	C3	12UB		128488	Europe/London
Cambridge Ma	NA	NA	NA	NA	NA	NA	NA	NA	NA	NA	NA	NA
Campbeltown	2653915	Campbeltown	Campbeltown	55.42583	-5.60764	GB	SCT	T8			4939	Europe/London
Canterbury	NA	NA	NA	NA	NA	NA	NA	NA	NA	NA	NA	NA
Cap Haitien	3728474	Okap	Okap	19.75938	-72.19815	HT	09				134815	America/Port-au-Prince
Carlisle	NA	NA	NA	NA	NA	NA	NA	NA	NA	NA	NA	NA
Carlisle Pa	NA	NA	NA	NA	NA	NA	NA	NA	NA	NA	NA	NA
Carlow	2965768	Carlow	Carlow	52.84083	-6.92611	IE	L	01			20055	Europe/Dublin
Carmarthen	2653755	Carmarthen	Carmarthen	51.85552	-4.30535	GB	WLS	X7	00NU006		15244	Europe/London
Cashel	2965664	Cashel	Cashel	52.51583	-7.88556	IE	M	26			2798	Europe/Dublin
Chambersburg Pa	NA	NA	NA	NA	NA	NA	NA	NA	NA	NA	NA	NA
Charleston S.C	NA	NA	NA	NA	NA	NA	NA	NA	NA	NA	NA	NA
Charlestown Ma	NA	NA	NA	NA	NA	NA	NA	NA	NA	NA	NA	NA
Charlottesville Va	NA	NA	NA	NA	NA	NA	NA	NA	NA	NA	NA	NA
Chatham	NA	NA	NA	NA	NA	NA	NA	NA	NA	NA	NA	NA
Chelmsford	2653266	Chelmsford	Chelmsford	51.73575	0.46958	GB	ENG	E4	22UF		102671	Europe/London
Chelmsford Ma	NA	NA	NA	NA	NA	NA	NA	NA	NA	NA	NA	NA
Chesire Ct	NA	NA	NA	NA	NA	NA	NA	NA	NA	NA	NA	NA
Chester	NA	NA	NA	NA	NA	NA	NA	NA	NA	NA	NA	NA
Chesterfield	NA	NA	NA	NA	NA	NA	NA	NA	NA	NA	NA	NA
Cincinnati Oh	NA	NA	NA	NA	NA	NA	NA	NA	NA	NA	NA	NA
Cirencester	2652995	Cirencester	Cirencester	51.71927	-1.97145	GB	ENG	E6	23UC		16214	Europe/London
Clonmel	2965353	Cluain Meala	Cluain Meala	52.355	-7.70389	IE	M	26			17394	Europe/Dublin
Colchester	NA	NA	NA	NA	NA	NA	NA	NA	NA	NA	NA	NA
Cologne	5021807	Cologne	Cologne	50.93333	6.95	US	MN	019			1519	America/Chicago
Columbia S.C	NA	NA	NA	NA	NA	NA	NA	NA	NA	NA	NA	NA
Concord Ma	NA	NA	NA	NA	NA	NA	NA	NA	NA	NA	NA	NA
Concord N.H	NA	NA	NA	NA	NA	NA	NA	NA	NA	NA	NA	NA
Copenhagen	3076084	Grygov	Grygov	55.67594	12.56553	EE	18	0605			1072	Europe/Tallinn
Cork	2965140	Cork	Cork	51.89797	-8.47061	IE	M	04			190384	Europe/Dublin
Coventry	5221637	Coventry	Coventry	52.40656	-1.51217	US	RI	003			35525	America/New_York
Danbury Ct	NA	NA	NA	NA	NA	NA	NA	NA	NA	NA	NA	NA
Danvers Ma	NA	NA	NA	NA	NA	NA	NA	NA	NA	NA	NA	NA
Darlington	NA	NA	NA	NA	NA	NA	NA	NA	NA	NA	NA	NA
Daventry	NA	NA	NA	NA	NA	NA	NA	NA	NA	NA	NA	NA
Dedham Ma	NA	NA	NA	NA	NA	NA	NA	NA	NA	NA	NA	NA
Delft	2757345	Delft	Delft	52.00667	4.35556	NL	11	0503			95060	Europe/Amsterdam
Deptford	NA	NA	NA	NA	NA	NA	NA	NA	NA	NA	NA	NA
Derby	NA	NA	NA	NA	NA	NA	NA	NA	NA	NA	NA	NA
Devizes	NA	NA	NA	NA	NA	NA	NA	NA	NA	NA	NA	NA
Doncaster	2168607	Doncaster	Doncaster	53.52285	-1.13116	AU	07	24210			18359	Australia/Melbourne
Dort	2756669	Dordrecht	Dordrecht	51.81	4.67361	NL	11	0505			119260	Europe/Amsterdam
Douai	NA	NA	NA	NA	NA	NA	NA	NA	NA	NA	NA	NA
Dover	NA	NA	NA	NA	NA	NA	NA	NA	NA	NA	NA	NA
Downpatrick	NA	NA	NA	NA	NA	NA	NA	NA	NA	NA	NA	NA
Dresden	NA	NA	NA	NA	NA	NA	NA	NA	NA	NA	NA	NA
Drogheda	2964661	Drogheda	Drogheda	53.71889	-6.34778	IE	L	19			33441	Europe/Dublin
Dublin	2964574	Dublin	Dublin	53.33306	-6.24889	IE	L	33			1024027	Europe/Dublin
Dumfries	NA	NA	NA	NA	NA	NA	NA	NA	NA	NA	NA	NA
Dumfries Va	NA	NA	NA	NA	NA	NA	NA	NA	NA	NA	NA	NA
Dunbar	4557629	Dunbar	Dunbar	56.00062	-2.51418	US	PA	051			1042	America/New_York
Dundee	NA	NA	NA	NA	NA	NA	NA	NA	NA	NA	NA	NA
Durham	NA	NA	NA	NA	NA	NA	NA	NA	NA	NA	NA	NA
East Molesey	NA	NA	NA	NA	NA	NA	NA	NA	NA	NA	NA	NA
Easton Md	NA	NA	NA	NA	NA	NA	NA	NA	NA	NA	NA	NA
Edenton N.C	NA	NA	NA	NA	NA	NA	NA	NA	NA	NA	NA	NA
Edinburgh	2646032	Irvine	Irvine	55.953	-3.208	GB	ENG	E4	22UG		109414	Europe/London
Egham	NA	NA	NA	NA	NA	NA	NA	NA	NA	NA	NA	NA
Elizabethtown Md	NA	NA	NA	NA	NA	NA	NA	NA	NA	NA	NA	NA
Emden	3076084	Grygov	Grygov	53.3675	7.2078	EE	18	0605			1072	Europe/Tallinn
Ennis	2964405	Ennis	Ennis	52.84361	-8.98639	IE	M	03			24427	Europe/Dublin
Ephrata Pa	NA	NA	NA	NA	NA	NA	NA	NA	NA	NA	NA	NA
Eton	NA	NA	NA	NA	NA	NA	NA	NA	NA	NA	NA	NA
Europe	NA	NA	NA	NA	NA	NA	NA	NA	NA	NA	NA	NA
Evesham	NA	NA	NA	NA	NA	NA	NA	NA	NA	NA	NA	NA
Exeter	NA	NA	NA	NA	NA	NA	NA	NA	NA	NA	NA	NA
Falkirk	NA	NA	NA	NA	NA	NA	NA	NA	NA	NA	NA	NA
Florence	NA	NA	NA	NA	NA	NA	NA	NA	NA	NA	NA	NA
Frankfurt	NA	NA	NA	NA	NA	NA	NA	NA	NA	NA	NA	NA
Frederick Md	NA	NA	NA	NA	NA	NA	NA	NA	NA	NA	NA	NA
Fredericton	5957776	Fredericton	Fredericton	45.94541	-66.66558	CA	04				52337	America/Moncton
Fredicksburg Va	NA	NA	NA	NA	NA	NA	NA	NA	NA	NA	NA	NA
Fryeburg Me	NA	NA	NA	NA	NA	NA	NA	NA	NA	NA	NA	NA
Gainsborough	NA	NA	NA	NA	NA	NA	NA	NA	NA	NA	NA	NA
Galway	2964180	Gaillimh	Gaillimh	53.27194	-9.04889	IE	C	10			70686	Europe/Dublin
Gateshead	10103929	Gateshead	Gateshead	-32.98208	151.69188	AU	02	14650			3574	Australia/Sydney
Gaunt	NA	NA	NA	NA	NA	NA	NA	NA	NA	NA	NA	NA
Gdansk	3099434	Gdańsk	Gdansk	54.35205	18.64637	PL	82	2261	226101		461865	Europe/Warsaw
Geneva	NA	NA	NA	NA	NA	NA	NA	NA	NA	NA	NA	NA
Germantown Pa	NA	NA	NA	NA	NA	NA	NA	NA	NA	NA	NA	NA
Ghent	2797656	Gent	Gent	51.05	3.71667	BE	VLG	VOV	44	44021	231493	Europe/Brussels
Glasgow	2646032	Irvine	Irvine	55.86515	-4.25763	GB	ENG	E4	22UG		109414	Europe/London
Glocester	NA	NA	NA	NA	NA	NA	NA	NA	NA	NA	NA	NA
Glocester Ma	NA	NA	NA	NA	NA	NA	NA	NA	NA	NA	NA	NA
Gloucester	2165159	Gloucester	Gloucester	51.86568	-2.2431	AU	02	13050			3103	Australia/Sydney
Goa	1712808	Goa	Goa	13.6978	123.4892	PH	05	16	1712809		20936	Asia/Manila
Gothenburg	5695743	Gothenburg	Gothenburg	57.70716	11.96679	US	NE	047			3574	America/Chicago
Gouda	2755420	Gouda	Gouda	52.01667	4.70833	NL	11	0513			71952	Europe/Amsterdam
Grantham	5086792	Grantham	Grantham	43.48952	-72.13759	US	NH	019			2308	America/New_York
Gravesend	NA	NA	NA	NA	NA	NA	NA	NA	NA	NA	NA	NA
Greenfield Ma	NA	NA	NA	NA	NA	NA	NA	NA	NA	NA	NA	NA
Greenock	5192000	Greenock	Greenock	55.94838	-4.76121	US	PA	003			2195	America/New_York
Grenada	4428539	Grenada	Grenada	33.769	-89.80842	US	MS	043			13092	America/Chicago
Guernesey	NA	NA	NA	NA	NA	NA	NA	NA	NA	NA	NA	NA
Haarlem	2755003	Haarlem	Haarlem	52.38084	4.63683	NL	07	0392			147590	Europe/Amsterdam
Hagerstown Md	NA	NA	NA	NA	NA	NA	NA	NA	NA	NA	NA	NA
Halifax	6324729	Halifax	Halifax	44.64533	-63.57239	CA	07				359111	America/Halifax
Halifax N.S	NA	NA	NA	NA	NA	NA	NA	NA	NA	NA	NA	NA
Halle	2796696	Halle	Halle	50.73385	4.23454	BE	VLG	VBR	23	23027	34479	Europe/Brussels
Hamburg	NA	NA	NA	NA	NA	NA	NA	NA	NA	NA	NA	NA
Hanover	NA	NA	NA	NA	NA	NA	NA	NA	NA	NA	NA	NA
Harlow	NA	NA	NA	NA	NA	NA	NA	NA	NA	NA	NA	NA
Harrisburgh Pa	NA	NA	NA	NA	NA	NA	NA	NA	NA	NA	NA	NA
Hartford Ct	4700168	Irving	Irving	42.07732	-71.62951	US	MA	027			12614	America/New_York
Haverhill Ma	NA	NA	NA	NA	NA	NA	NA	NA	NA	NA	NA	NA
Heidelberg	NA	NA	NA	NA	NA	NA	NA	NA	NA	NA	NA	NA
Hereford	5523074	Hereford	Hereford	34.81521	-102.39932	US	TX	117			15370	America/Chicago
Hertford	NA	NA	NA	NA	NA	NA	NA	NA	NA	NA	NA	NA
Hillsborough N.C	NA	NA	NA	NA	NA	NA	NA	NA	NA	NA	NA	NA
Horncastle	NA	NA	NA	NA	NA	NA	NA	NA	NA	NA	NA	NA
Houghton Park	NA	NA	NA	NA	NA	NA	NA	NA	NA	NA	NA	NA
Howden	NA	NA	NA	NA	NA	NA	NA	NA	NA	NA	NA	NA
Hull	2645425	Hull	Hull	53.7446	-0.33525	GB	ENG	G6			302296	Europe/London
Inverlochie	NA	NA	NA	NA	NA	NA	NA	NA	NA	NA	NA	NA
Ipswich	NA	NA	NA	NA	NA	NA	NA	NA	NA	NA	NA	NA
Kelso	NA	NA	NA	NA	NA	NA	NA	NA	NA	NA	NA	NA
Kendal	NA	NA	NA	NA	NA	NA	NA	NA	NA	NA	NA	NA
Kilkenny	2963398	Kilkenny	Kilkenny	52.65417	-7.25222	IE	L	13			21589	Europe/Dublin
Kilmarnock	2645605	Kilmarnock	Kilmarnock	55.61171	-4.49581	GB	SCT	U4			42904	Europe/London
King's Lynn	2645456	King's Lynn	King's Lynn	52.75172	0.39516	GB	ENG	I9	33UE		34564	Europe/London
Kingston	NA	NA	NA	NA	NA	NA	NA	NA	NA	NA	NA	NA
Kingston Jamaica	NA	NA	NA	NA	NA	NA	NA	NA	NA	NA	NA	NA
Kingston N.Y	NA	NA	NA	NA	NA	NA	NA	NA	NA	NA	NA	NA
Kirkcudbright	2645287	Kirkcudbright	Kirkcudbright	54.8383	-4.04908	GB	SCT	U2			3367	Europe/London
Knaresborough	2645163	Knaresborough	Knaresborough	54.0091	-1.46851	GB	ENG	J7	36UD		14740	Europe/London
Knoxville Tn	NA	NA	NA	NA	NA	NA	NA	NA	NA	NA	NA	NA
Koningsberg	NA	NA	NA	NA	NA	NA	NA	NA	NA	NA	NA	NA
La Rochelle	3006787	La Rochelle	La Rochelle	46.16667	-1.15	FR	B7	17	173	17300	76810	Europe/Paris
Lancaster Pa	NA	NA	NA	NA	NA	NA	NA	NA	NA	NA	NA	NA
Lausanne	2659994	Lausanne	Lausanne	46.516	6.63282	CH	VD	2225	5586		116751	Europe/Zurich
Leeds	NA	NA	NA	NA	NA	NA	NA	NA	NA	NA	NA	NA
Leeuwarden	2751792	Leeuwarden	Leeuwarden	53.20139	5.80859	NL	02	0080			91424	Europe/Amsterdam
Leicester	2644668	Leicester	Leicester	52.6386	-1.13169	GB	ENG	H4	31UC		339239	Europe/London
Leiden	2751773	Leiden	Leiden	52.15833	4.49306	NL	11	0546			119713	Europe/Amsterdam
Leipzig	NA	NA	NA	NA	NA	NA	NA	NA	NA	NA	NA	NA
Leominster Ma	NA	NA	NA	NA	NA	NA	NA	NA	NA	NA	NA	NA
Lewes	2644559	Lewes	Lewes	50.8742	0.00772	GB	ENG	E2	21UF		16479	Europe/London
Lexington Ky	NA	NA	NA	NA	NA	NA	NA	NA	NA	NA	NA	NA
Liege	2792413	Liège	Liege	50.63373	5.56749	BE	WAL	WLG	62	62063	182597	Europe/Brussels
Lille	NA	NA	NA	NA	NA	NA	NA	NA	NA	NA	NA	NA
Limerick	4969529	Limerick	Limerick	52.66472	-8.62306	US	ME	031			2329	America/New_York
Lincoln	NA	NA	NA	NA	NA	NA	NA	NA	NA	NA	NA	NA
Litchfield Ct	NA	NA	NA	NA	NA	NA	NA	NA	NA	NA	NA	NA
Liverpool	NA	NA	NA	NA	NA	NA	NA	NA	NA	NA	NA	NA
London	2643743	London	London	51.50853	-0.12574	GB	ENG	GLA			7556900	Europe/London
Londonderry	5088905	Londonderry	Londonderry	54.9981	-7.30934	US	NH	015			11037	America/New_York
Louvain	2792482	Leuven	Leuven	50.87959	4.70093	BE	VLG	VBR	24	24062	92892	Europe/Brussels
Ludlow	NA	NA	NA	NA	NA	NA	NA	NA	NA	NA	NA	NA
Lyon	2996944	Lyon	Lyon	45.74846	4.84671	FR	B9	69	691	69123	472317	Europe/Paris
Macclesfield	NA	NA	NA	NA	NA	NA	NA	NA	NA	NA	NA	NA
Madras India	NA	NA	NA	NA	NA	NA	NA	NA	NA	NA	NA	NA
Maidstone	NA	NA	NA	NA	NA	NA	NA	NA	NA	NA	NA	NA
Manchester	NA	NA	NA	NA	NA	NA	NA	NA	NA	NA	NA	NA
Margate	NA	NA	NA	NA	NA	NA	NA	NA	NA	NA	NA	NA
Marlborough	NA	NA	NA	NA	NA	NA	NA	NA	NA	NA	NA	NA
Martinsburg Va	NA	NA	NA	NA	NA	NA	NA	NA	NA	NA	NA	NA
Mechelen	2791537	Mechelen	Mechelen	51.02574	4.47762	BE	VLG	VAN	12	12025	77530	Europe/Brussels
Medford Ma	NA	NA	NA	NA	NA	NA	NA	NA	NA	NA	NA	NA
Middelburg	2750896	Middelburg	Middelburg	51.5	3.61389	NL	10	0687			46485	Europe/Amsterdam
Minorca	4333548	Minorca	Minorca	31.57933	-91.48179	US	LA	029			2317	America/Chicago
Monmouth	NA	NA	NA	NA	NA	NA	NA	NA	NA	NA	NA	NA
Montreal	NA	NA	NA	NA	NA	NA	NA	NA	NA	NA	NA	NA
Montrose	NA	NA	NA	NA	NA	NA	NA	NA	NA	NA	NA	NA
Nassau	NA	NA	NA	NA	NA	NA	NA	NA	NA	NA	NA	NA
New Bedford Ma	NA	NA	NA	NA	NA	NA	NA	NA	NA	NA	NA	NA
New Bedford Ms	NA	NA	NA	NA	NA	NA	NA	NA	NA	NA	NA	NA
New Bern N.C	NA	NA	NA	NA	NA	NA	NA	NA	NA	NA	NA	NA
New Haven Ma	NA	NA	NA	NA	NA	NA	NA	NA	NA	NA	NA	NA
New London Ct	NA	NA	NA	NA	NA	NA	NA	NA	NA	NA	NA	NA
New Orleans La	NA	NA	NA	NA	NA	NA	NA	NA	NA	NA	NA	NA
New York N.Y	5128581	New York City	New York City	40.71427	-74.00597	US	NY				8175133	America/New_York
Newark	NA	NA	NA	NA	NA	NA	NA	NA	NA	NA	NA	NA
Newark N.J	NA	NA	NA	NA	NA	NA	NA	NA	NA	NA	NA	NA
Newbury Ma	NA	NA	NA	NA	NA	NA	NA	NA	NA	NA	NA	NA
Newbury Vt	NA	NA	NA	NA	NA	NA	NA	NA	NA	NA	NA	NA
Newburyport Ma	NA	NA	NA	NA	NA	NA	NA	NA	NA	NA	NA	NA
Newcastle	6695976	Newcastle	Newcastle	54.21804	-5.88979	GB	NIR	R9			7444	Europe/London
Newfield Ct	NA	NA	NA	NA	NA	NA	NA	NA	NA	NA	NA	NA
Newport Isle of Wight	NA	NA	NA	NA	NA	NA	NA	NA	NA	NA	NA	NA
Newry	2641581	Newry	Newry	54.17841	-6.33739	GB	NIR	S9			27757	Europe/London
Niagara	NA	NA	NA	NA	NA	NA	NA	NA	NA	NA	NA	NA
Norfolk Va	NA	NA	NA	NA	NA	NA	NA	NA	NA	NA	NA	NA
North Shields	2641267	North Shields	North Shields	55.01646	-1.44925	GB	ENG	J5			39747	Europe/London
Northallerton	2641435	Northallerton	Northallerton	54.33901	-1.43243	GB	ENG	J7	36UC		16480	Europe/London
Northampton	NA	NA	NA	NA	NA	NA	NA	NA	NA	NA	NA	NA
Northampton Ma	NA	NA	NA	NA	NA	NA	NA	NA	NA	NA	NA	NA
Norwich	2641181	Norwich	Norwich	52.62783	1.29834	GB	ENG	I9	33UG		177636	Europe/London
Norwich Ct	NA	NA	NA	NA	NA	NA	NA	NA	NA	NA	NA	NA
Nottingham	NA	NA	NA	NA	NA	NA	NA	NA	NA	NA	NA	NA
Oxford	5130319	Oxford	Oxford	51.75222	-1.25596	US	NY	017			1450	America/New_York
Paisley	NA	NA	NA	NA	NA	NA	NA	NA	NA	NA	NA	NA
Paris	2988507	Paris	Paris	48.85341	2.3488	FR	A8	75	751	75056	2138551	Europe/Paris
Paris Ky	NA	NA	NA	NA	NA	NA	NA	NA	NA	NA	NA	NA
Pembroke Ma	NA	NA	NA	NA	NA	NA	NA	NA	NA	NA	NA	NA
Penrith	2153471	Penrith	Penrith	-33.75	150.7	AU	02	16350			11813	Australia/Sydney
Perth	NA	NA	NA	NA	NA	NA	NA	NA	NA	NA	NA	NA
Peterborough	NA	NA	NA	NA	NA	NA	NA	NA	NA	NA	NA	NA
Petersburg Va	NA	NA	NA	NA	NA	NA	NA	NA	NA	NA	NA	NA
Philadelphia Pa	4560349	Philadelphia	Philadelphia	39.95233	-75.16379	US	PA	101			1526006	America/New_York
Plymouth	NA	NA	NA	NA	NA	NA	NA	NA	NA	NA	NA	NA
Poole	2640101	Poole	Poole	50.71429	-1.98458	GB	ENG	K5			150092	Europe/London
Portland Me	NA	NA	NA	NA	NA	NA	NA	NA	NA	NA	NA	NA
Portsmouth	NA	NA	NA	NA	NA	NA	NA	NA	NA	NA	NA	NA
Portsmouth N.H	NA	NA	NA	NA	NA	NA	NA	NA	NA	NA	NA	NA
Preston	NA	NA	NA	NA	NA	NA	NA	NA	NA	NA	NA	NA
Providence R.I	NA	NA	NA	41.8384163	-71.4256989	NA	NA	NA	NA	NA	NA	NA
Quebec	6325494	Québec	Quebec	46.81228	-71.21454	CA	10				528595	America/Toronto
Reading	NA	NA	NA	NA	NA	NA	NA	NA	NA	NA	NA	NA
Reading Pa	NA	NA	NA	NA	NA	NA	NA	NA	NA	NA	NA	NA
Regensburg	3076084	Grygov	Grygov	58.34194	26.31472	EE	18	0605			1072	Europe/Tallinn
Reims	2984114	Reims	Reims	49.25	4.03333	FR	A4	51	513	51454	196565	Europe/Paris
Richmond	NA	NA	NA	NA	NA	NA	NA	NA	NA	NA	NA	NA
Richmond Va	NA	NA	NA	NA	NA	NA	NA	NA	NA	NA	NA	NA
Rochdale	2639272	Rochdale	Rochdale	53.61766	-2.1552	GB	ENG	L2	30UM		97550	Europe/London
Rochester	NA	NA	NA	NA	NA	NA	NA	NA	NA	NA	NA	NA
Rodborough	NA	NA	NA	NA	NA	NA	NA	NA	NA	NA	NA	NA
Rome	NA	NA	NA	NA	NA	NA	NA	NA	NA	NA	NA	NA
Romsey	2639189	Romsey	Romsey	50.98906	-1.49989	GB	ENG	F2	24UN		17773	Europe/London
Roscrea	2961730	Roscrea	Roscrea	52.95111	-7.80167	IE	M	26			5403	Europe/Dublin
Roseau Dominica	NA	NA	NA	NA	NA	NA	NA	NA	NA	NA	NA	NA
Rotterdam	NA	NA	NA	NA	NA	NA	NA	NA	NA	NA	NA	NA
Rouen	2982652	Rouen	Rouen	49.44313	1.09932	FR	A7	76	763	76540	112787	Europe/Paris
Rutland Vt	NA	NA	NA	NA	NA	NA	NA	NA	NA	NA	NA	NA
Saarbrucken	3076084	Grygov	Grygov	58.34194	26.31472	EE	18	0605			1072	Europe/Tallinn
Salamanca	NA	NA	NA	NA	NA	NA	NA	NA	NA	NA	NA	NA
Salem Ma	NA	NA	NA	NA	NA	NA	NA	NA	NA	NA	NA	NA
Salisbury	NA	NA	NA	NA	NA	NA	NA	NA	NA	NA	NA	NA
Salisbury Ma	NA	NA	NA	NA	NA	NA	NA	NA	NA	NA	NA	NA
Salisbury N.C	NA	NA	NA	NA	NA	NA	NA	NA	NA	NA	NA	NA
Savannah Ga	NA	NA	NA	NA	NA	NA	NA	NA	NA	NA	NA	NA
Sheffield	NA	NA	NA	NA	NA	NA	NA	NA	NA	NA	NA	NA
Shelburne Nova Scotia	NA	NA	NA	NA	NA	NA	NA	NA	NA	NA	NA	NA
Sherborne	2636713	Stratford-upon-Avon	Stratford-upon-Avon	51.06931	-1.79569	GB	ENG	P8	00HY261		45600	Europe/London
Shiffnal	NA	NA	NA	NA	NA	NA	NA	NA	NA	NA	NA	NA
Shrewsbury	NA	NA	NA	NA	NA	NA	NA	NA	NA	NA	NA	NA
Siena	3166548	Siena	Siena	43.31822	11.33064	IT	16	SI	052032		42867	Europe/Rome
Sligo	2961423	Sligo	Sligo	54.26969	-8.46943	IE	C	25			20228	Europe/Dublin
South Shields	2636713	Stratford-upon-Avon	Stratford-upon-Avon	51.06931	-1.79569	GB	ENG	P8	00HY261		45600	Europe/London
Southampton	5139030	Southampton	Southampton	50.90395	-1.40428	US	NY	103			3109	America/New_York
Spanish Town Jamaica	NA	NA	NA	NA	NA	NA	NA	NA	NA	NA	NA	NA
Springfield Ma	NA	NA	NA	NA	NA	NA	NA	NA	NA	NA	NA	NA
St. Albans	NA	NA	NA	NA	NA	NA	NA	NA	NA	NA	NA	NA
St. Andrews	NA	NA	NA	NA	NA	NA	NA	NA	NA	NA	NA	NA
St. Augustine Fl	NA	NA	NA	NA	NA	NA	NA	NA	NA	NA	NA	NA
St. Eustatius	NA	NA	NA	NA	NA	NA	NA	NA	NA	NA	NA	NA
St. Helier	NA	NA	NA	NA	NA	NA	NA	NA	NA	NA	NA	NA
St. John New Brunswick	NA	NA	NA	NA	NA	NA	NA	NA	NA	NA	NA	NA
St. Omer	NA	NA	NA	NA	NA	NA	NA	NA	NA	NA	NA	NA
St. Pierre Martinique	NA	NA	NA	NA	NA	NA	NA	NA	NA	NA	NA	NA
Stafford	NA	NA	NA	NA	NA	NA	NA	NA	NA	NA	NA	NA
Stamford	5139428	Stamford	Stamford	52.65	-0.48333	US	NY	025			1119	America/New_York
Staunton Va	NA	NA	NA	NA	NA	NA	NA	NA	NA	NA	NA	NA
Stirling	NA	NA	NA	NA	NA	NA	NA	NA	NA	NA	NA	NA
Stockbridge Ma	NA	NA	NA	NA	NA	NA	NA	NA	NA	NA	NA	NA
Stockton	NA	NA	NA	NA	NA	NA	NA	NA	NA	NA	NA	NA
Strabane	NA	NA	NA	NA	NA	NA	NA	NA	NA	NA	NA	NA
Strasbourg	2973783	Strasbourg	Strasbourg	48.58392	7.74553	FR	C1	67	678	67482	274845	Europe/Paris
Sudbury	2636564	Sudbury	Sudbury	52.0389	0.73117	GB	ENG	N5	42UB		12080	Europe/London
Sunderland	2636531	Sunderland	Sunderland	54.90465	-1.38222	GB	ENG	N6			177965	Europe/London
Taunton	2636177	Taunton	Taunton	51.01494	-3.10293	GB	ENG	M3	40UE		60433	Europe/London
Tewkesbury	2636071	Tewkesbury	Tewkesbury	51.99244	-2.1601	GB	ENG	E6	23UG		10200	Europe/London
The Hague	2747373	The Hague	The Hague	52.07667	4.29861	NL	11	0518			474292	Europe/Amsterdam
Trefeca	NA	NA	NA	NA	NA	NA	NA	NA	NA	NA	NA	NA
Trenton	NA	NA	NA	NA	NA	NA	NA	NA	NA	NA	NA	NA
Trevoux	2971722	Trévoux	Trevoux	45.94111	4.76727	FR	B9	01	012	01427	6957	Europe/Paris
Tunbridge Wells	2639022	Royal Tunbridge Wells	Royal Tunbridge Wells	51.13321	0.26256	GB	ENG	G5	29UQ		61075	Europe/London
Twickenham	2635308	Twickenham	Twickenham	51.44489	-0.3377	GB	ENG	GLA	L1		0	Europe/London
United States	NA	NA	NA	NA	NA	NA	NA	NA	NA	NA	NA	NA
Utrecht	2745912	Utrecht	Utrecht	52.09083	5.12222	NL	09	0344			290529	Europe/Amsterdam
Venice	NA	NA	NA	NA	NA	NA	NA	NA	NA	NA	NA	NA
Verdun	NA	NA	NA	NA	NA	NA	NA	NA	NA	NA	NA	NA
Vergennes Vt	NA	NA	NA	NA	NA	NA	NA	NA	NA	NA	NA	NA
Vevey	2658145	Vevey	Vevey	46.46299	6.84345	CH	VD	2230	5890		15812	Europe/Zurich
Vienna	NA	NA	NA	NA	NA	NA	NA	NA	NA	NA	NA	NA
Walpole N.H	NA	NA	NA	NA	NA	NA	NA	NA	NA	NA	NA	NA
Walsall	2634308	Weston-super-Mare	Weston-super-Mare	51.5489	-0.48211	GB	ENG	GLA	F9		0	Europe/London
Waltham	4954380	Waltham	Waltham	42.37649	-71.23561	US	MA	017			60632	America/New_York
Warrington	4177465	Warrington	Warrington	53.39254	-2.58024	US	FL	033			14531	America/Chicago
Warwick	NA	NA	NA	NA	NA	NA	NA	NA	NA	NA	NA	NA
Washington Pa	NA	NA	NA	NA	NA	NA	NA	NA	NA	NA	NA	NA
Waterford	NA	NA	NA	NA	NA	NA	NA	NA	NA	NA	NA	NA
Watertown Ma	4954611	Watertown	Watertown	42.37093	-71.18283	US	MA	017			31915	America/New_York
Wesel	3076084	Grygov	Grygov	58.34194	26.31472	EE	18	0605			1072	Europe/Tallinn
West Springfield Ma	NA	NA	NA	NA	NA	NA	NA	NA	NA	NA	NA	NA
Westminster Vt	NA	NA	NA	NA	NA	NA	NA	NA	NA	NA	NA	NA
Wexford	2960964	Loch Garman	Loch Garman	52.33417	-6.4575	IE	L	30			19913	Europe/Dublin
Weymouth	NA	NA	NA	NA	NA	NA	NA	NA	NA	NA	NA	NA
Whitehaven	2634096	Whitehaven	Whitehaven	54.54897	-3.58412	GB	ENG	C9	16UE		24803	Europe/London
Wigan	2633948	Wigan	Wigan	53.53333	-2.61667	GB	ENG	P7			80788	Europe/London
Williamsburg Va	NA	NA	NA	NA	NA	NA	NA	NA	NA	NA	NA	NA
Wilmington De	NA	NA	NA	NA	NA	NA	NA	NA	NA	NA	NA	NA
Wilmington N.C	NA	NA	NA	NA	NA	NA	NA	NA	NA	NA	NA	NA
Winchester	NA	NA	NA	NA	NA	NA	NA	NA	NA	NA	NA	NA
Winchester Va	NA	NA	NA	NA	NA	NA	NA	NA	NA	NA	NA	NA
Windham Ct	NA	NA	NA	NA	NA	NA	NA	NA	NA	NA	NA	NA
Windsor	NA	NA	NA	NA	NA	NA	NA	NA	NA	NA	NA	NA
Windsor Vt	NA	NA	NA	NA	NA	NA	NA	NA	NA	NA	NA	NA
Winterthur	2657970	Winterthur	Winterthur	47.50564	8.72413	CH	ZH	110	230		91908	Europe/Zurich
Winton	5410144	Winton	Winton	54.4833	-2.3333	US	CA	047			10613	America/Los_Angeles
Wisbech	NA	NA	NA	NA	NA	NA	NA	NA	NA	NA	NA	NA
Wokingham	NA	NA	NA	NA	NA	NA	NA	NA	NA	NA	NA	NA
Wolverhampton	NA	NA	NA	NA	NA	NA	NA	NA	NA	NA	NA	NA
Woodbridge N.J	NA	NA	NA	NA	NA	NA	NA	NA	NA	NA	NA	NA
Worcester	NA	NA	NA	NA	NA	NA	NA	NA	NA	NA	NA	NA
Worcester Ma	NA	NA	NA	NA	NA	NA	NA	NA	NA	NA	NA	NA
Wrexham	NA	NA	NA	NA	NA	NA	NA	NA	NA	NA	NA	NA
Yarmouth	NA	NA	NA	NA	NA	NA	NA	NA	NA	NA	NA	NA
Yeovil	NA	NA	NA	NA	NA	NA	NA	NA	NA	NA	NA	NA
York	2642189	Morley	Morley	53.74013	-1.59877	GB	ENG	H3	00DA030		57385	Europe/London
York Pa	NA	NA	NA	NA	NA	NA	NA	NA	NA	NA	NA	NA
