original	polished	count
London	London	21428
[London	London	5250
[London]	London	2851
Dublin	Dublin	2447
Edinburgh	Edinburgh	1221
[London?	London	1142
Imprinted at London	London	1007
Philadelphia	Philadelphia Pa	570
Printed at London	London	529
[Philadelphia	Philadelphia Pa	472
London [England]	London	455
Boston	Boston	434
[S.l.	NA	424
[Edinburgh	Edinburgh	390
Londini	London	384
[Dublin	Dublin	348
[Boston	Boston	347
[New York	New York N.Y	295
Oxford	Oxford	236
[Edinburgh?	Edinburgh	208
[Oxford	Oxford	202
New-York	New York N.Y	192
Glasgow	Glasgow	179
[Edinburgh]	Edinburgh	176
Londres	London	175
[[London]	London	169
At London	London	164
Dublin [Ireland]	Dublin	163
A Londres	London	155
[London?]	London	151
[New York]	New York N.Y	146
[Boston]	Boston	143
[Philadelphia]	Philadelphia Pa	138
[Dublin]	Dublin	131
[Oxford]	Oxford	130
Printed at Oxford	Oxford	121
Londres [i.e. Paris?]	Paris	117
[Imprinted at London	London	105
[London, England]	London	104
[London, England	London	102
York	York	80
Oxonii	Oxford	80
Hartford	Hartford Ct	77
Edinburgi	Edinburgh	71
[Boston?	Boston	66
Cambridge	Cambridge	65
[Watertown, Mass.	Watertown Ma	64
[Edinburgh?]	Edinburgh	62
[Providence	Providence R.I	62
[United States	United States	59
[Dublin?	Dublin	58
Providence	Providence R.I	57
Norwich	Norwich	52
Edinburgh [Scotland]	Edinburgh	51
Oxoniæ	Oxford	49
Printed at Edinburgh	Edinburgh	48
Baltimore	Baltimore Md	48
[Philadelphia?	Philadelphia Pa	47
[S.l.]	NA	45
Cork	Cork	39
New-Haven	New Haven Ma	38
Oxford [i.e. London]	London	38
Excusum Londini	London	36
Printed at York	York	36
Bristol	Bristol	35
Cantabrigiæ	Cambridge	35
Lancaster [Pa.]	Lancaster Pa	34
Norwich [Conn.]	Norwich Ct	33
New-London [Conn.]	New London Ct	33
[Annapolis	Annapolis Md	32
[Norwich?	Norwich	31
[Oxford?	Oxford	30
Newcastle	Newcastle	30
[New York?	New York N.Y	28
Londres [i.e. Paris]	Paris	28
Birmingham	Birmingham	28
Salem [Mass.]	Salem Ma	27
Glasguae	Glasgow	27
Shrewsbury	Shrewsbury	26
Newcastle upon Tyne	Newcastle	26
Aberdeen	Aberdeen	26
Basil	Basel	26
London printed	London	26
[Londini	London	26
Williamsburg [Va.]	Williamsburg Va	25
Bath	Bath	25
Printed at Boston	Boston	25
[Charleston, S.C.	Charleston S.C	25
[Hartford	Hartford Ct	25
[Providence]	Providence R.I	25
[Newport, R.I.	Newport R.I	24
[Cambridge]	Cambridge	23
Boston, New-England	Boston Ma	23
Boston: N.E.	Boston Ma	23
[Imprynted at London	NA	23
Printed at Leith	Edinburgh	23
Paris	Paris	21
[Williamsburg, Va.	Williamsburg Va	21
Imprinted at Dublin	Dublin	21
Amsterdam	Amsterdam	20
A Londres [i.e. Paris?]	Paris	20
Manchester	Manchester	20
[Hartford?	Hartford Ct	20
Salisbury	Salisbury	19
Boston in New-England	Boston Ma	19
[Newport, R.I.]	Newport R.I	19
Imprinted at York	York	19
Belfast	Belfast	18
Philadelphia [Pa.]	Philadelphia Pa	18
Cambridge [Mass.]	Cambridge Ma	18
Newport [R.I.]	Newport R.I	18
[Amsterdam	Amsterdam	18
Quebec	Quebec	17
[Aberdeen	Aberdeen	17
Aberdene	Aberdeen	17
[Edinburgh, Scotland	Edinburgh	17
Perth	Perth	16
Exeter	Exeter	16
[Connecticut	Litchfield Ct	16
Albany	Albany N.Y	16
[Exeter, N.H.	Exeter N.H	16
Londres [i.e. Amsterdam?]	Amsterdam	16
[Excusum Londini	London	16
Printed at Oxford [i.e. London]	London	16
[Coventry?	Coventry	16
Bristoll	Bristol	15
[York]	York	15
[Fishkill, N.Y.	Fishkill N.Y	15
Printed at Kilkenny	Kilkenny	15
Manchester [England]	Manchester	15
[Cambridge	Cambridge	14
[Exeter, England]	Exeter	14
[Watertown, Mass.?	Watertown Ma	14
Dublinii	Dublin	14
[[London	London	14
Nottingham [England]	Nottingham	14
[New Orleans	New Orleans La	13
[Salem, Mass.]	Salem Ma	13
[New London, Conn.]	New London Ct	13
Exon	Exeter	13
Liverpool	Liverpool	13
Calcutta	Calcutta	13
[Dublin?]	Dublin	13
At Oxford	Oxford	13
[Amsterdam?	Amsterdam	13
Printed at Dublin	Dublin	13
[Amsterdam]	Amsterdam	13
Reprinted at Dublin	Dublin	13
Cork [Ireland]	Cork	13
[London [England]	London	13
[Bath]	Bath	12
Chester	Chester	12
[Middelburg	Middelburg	12
Edinbvrgh	Edinburgh	12
[Printed at London	London	12
[Oxford, i.e. London]	London	12
Re-printed at Edinburgh	Edinburgh	12
[Dublin, Ireland]	Dublin	12
[Glasgow]	Glasgow	11
Paisley	Paisley	11
[Cambridge, Mass.	Cambridge Ma	11
Boston, N.E.	Boston Ma	11
[Charleston, S.C.]	Charleston S.C	11
[United States?	United States	11
[Salem, Mass.	Salem Ma	11
[Norwich, Conn.]	Norwich Ct	11
Annapolis	Annapolis Md	11
Charleston [S.C.]	Charleston S.C	11
A Philadelphie	Philadelphia Pa	11
[Lancaster, Pa.	Lancaster Pa	11
[Hartford]	Hartford Ct	11
Londra	London	11
[Cork]	Cork	11
Calcutta [India]	Calcutta	11
[Whitehaven?	Whitehaven	10
[Bristol	Bristol	10
[York	York	10
[York?	York	10
[Richmond	Richmond	10
Canterbury	Canterbury	10
[Antwerp	Antwerp	10
Newcastle upon Tyne [England]	Newcastle	10
[Bath, England]	Bath	10
[Leith]	Edinburgh	9
[Glasgow?	Glasgow	9
[[New York]	New York N.Y	9
[Portsmouth, N.H.	Portsmouth N.H	9
Boston.	Boston	9
[Trenton	Trenton	9
Wilmington [Del.]	Wilmington De	9
Richmond	Richmond	9
Nottingham	Nottingham	9
Lynn	King's Lynn	9
Westminster	London	9
[[Edinburgh]	Edinburgh	9
[New Haven	New Haven Ma	8
New York	New York N.Y	8
[Glasgow	Glasgow	8
[Bristol]	Bristol	8
[Baltimore	Baltimore Md	8
Newport, Rhode-Island	Newport R.I	8
A Londres [i.e. Paris]	Paris	8
Ipswich	Ipswich	8
Colchester	Colchester	8
Corke	Cork	8
Oxon	Oxford	8
Imprynted at London	NA	8
Imprentit at Edinburgh	NA	8
[Cambridge, England	Cambridge	8
[Scotland	Edinburgh	8
[S.l	NA	8
Coventry [England]	Coventry	8
York [England]	York	8
[Edinburgh, Scotland]	Edinburgh	8
Shrewsbury [England]	Shrewsbury	8
[Rochester	Rochester	7
À Londres	London	7
[Bristol?	Bristol	7
[Cambridge?	Cambridge	7
[Boston, Mass.]	Boston Ma	7
[Boston, Mass.	Boston Ma	7
Philadelphia.	Philadelphia Pa	7
[New York?]	New York N.Y	7
[Savannah	Savannah Ga	7
[Burlington, N.J.	Burlington N.J	7
Newbury-Port [Mass.]	Newburyport Ma	7
Boston; New-England	Boston	7
N. London [i.e., New London, Conn.]	New London Ct	7
Printed at Worcester, Massachusetts	Worcester Ma	7
[New London, Conn.?	New London Ct	7
[Portsmouth, N.H.?	Portsmouth N.H	7
Eton	Eton	7
[Salisbury]	Salisbury	7
Hague	The Hague	7
Impressum Londini	London	7
Imprinted at Amsterdam	Amsterdam	7
At Amsterdam	Amsterdam	7
[[Dublin]	Dublin	7
[Sheffield, England]	Sheffield	7
Salisbury [England]	Salisbury	7
Reading [England]	Reading	7
[Bristol, England]	Bristol	7
[Dublin, Ireland	Dublin	7
Bristol [England]	Bristol	7
Bath [England]	Bath	7
Leeds	Leeds	6
[Exeter?	Exeter	6
[Holland?	Amsterdam	6
Halifax	Halifax	6
[New York, N.Y.	New York N.Y	6
[Worcester]	Worcester	6
Philadelphie [i.e. Paris?]	Paris	6
Boston [Mass.]	Boston Ma	6
[Albany]	Albany N.Y	6
[Burlington, N.J.?	Burlington N.J	6
[Portsmouth, N.H.]	Portsmouth N.H	6
[Charleston, S.C.?	Charleston S.C	6
Charles-Town [S.C.]	Charleston S.C	6
[Providence?	Providence R.I	6
Poughkeepsie [N.Y.]	Poughkeepsie N.Y	6
[Lancaster, Pa.?	Lancaster Pa	6
Litchfield [Conn.]	Litchfield Ct	6
York-Town [Pa.]	York Pa	6
[Concord, N.H.]	Concord N.H	6
[Hartford, Conn.]	Hartford Ct	6
Worcester	Worcester	6
Hull	Hull	6
[Newcastle upon Tyne	Newcastle	6
Bolton	Bolton	6
A Paris	Paris	6
Hague [i.e. London]	London	6
Printed at Paris	Paris	6
Imprinted at Edinburgh	Edinburgh	6
[Saint-Omer	St. Omer	6
[The Hague?	The Hague	6
In the Savoy [i.e. London]	London	6
Yorke	York	6
Printed at London, and re-printed at Edinburgh	NA	6
Rotterdam	Rotterdam	6
[Leith?	Edinburgh	6
Dvblin	Dublin	6
Printed by His Majesties command at Oxford	NA	6
[Edinburgh] Printed at London, and re-printed at Edinburgh	NA	6
[[London?]	London	6
Edinburgh [i.e. London?]	London	6
Reprinted at London	London	6
Birmingham [England]	Birmingham	6
Limerick [Ireland]	Limerick	6
A Londres [London, England]	London	6
Winchester [Va.]	Winchester Va	6
Aberdeen [Scotland]	Aberdeen	6
Canterbury [England]	Canterbury	6
Derby [England]	Derby	6
Leicester	Leicester	5
Barbados	Bridgetown Barbados	5
[Nottingham	Nottingham	5
[Poughkeepsie, N.Y.	Poughkeepsie N.Y	5
[Newburyport, Mass.]	Newburyport Ma	5
Norfolk [Va.]	Norfolk Va	5
[Pennsylvania?	Philadelphia Pa	5
Massachusetts-Bay: Worcester	Worcester Ma	5
Portsmouth [N.H.]	Portsmouth N.H	5
Watertown [Mass.]	Watertown Ma	5
[Newbern, N.C.	New Bern N.C	5
[Newport, R.I.?	Newport R.I	5
Salem [Mass.]: N.E.	Salem Ma	5
Philadelphie	Philadelphia Pa	5
[Exeter, N.H.?	Exeter N.H	5
[Baltimore]	Baltimore Md	5
Newbern [N.C.]	New Bern N.C	5
Germantown [Pa.]	Germantown Pa	5
[Paris]	Paris	5
Glocester	Glocester	5
[The Hague]	The Hague	5
A Londres [i.e. Amsterdam?]	Amsterdam	5
[Tunbridge Wells	Tunbridge Wells	5
Londres [i.e. The Hague]	The Hague	5
Limerick	Limerick	5
Sherborne	Sherborne	5
Londres [i.e. The Hague?]	The Hague	5
[Darlington	Darlington	5
Aberdoniæ	Aberdeen	5
Carlisle	Carlisle	5
Edimburgi	Edinburgh	5
Rochester	Rochester	5
[Westminster	London	5
Printed at Amsterdam	Amsterdam	5
[Paris	Paris	5
At Edinburgh	Edinburgh	5
[Hague	The Hague	5
[Imprinted at Edinburgh	Edinburgh	5
[Enprynted at London	NA	5
Printed at Waterford	Waterford	5
Printed at Yorke	York	5
Printed at the Hague	The Hague	5
Londini [i.e. Amsterdam]	Amsterdam	5
In the Savoy [London]	London	5
Antwerp	Antwerp	5
[Printed at Oxford	Oxford	5
[Liverpool, England]	Liverpool	5
[Hull, England]	Hull	5
[York, England]	York	5
[Glasgow, Scotland]	Glasgow	5
At Paris	Paris	4
[Manchester	Manchester	4
In Londra	London	4
[Londres	London	4
[London] In the Savoy	London	4
[England?	London	4
[Boston?]	Boston	4
[New-York	New York N.Y	4
[Scotland?	Edinburgh	4
[Halifax	Halifax	4
[Cambridge, Mass.]	Cambridge Ma	4
Burlington [N.J.]	Burlington N.J	4
[Salem, Mass.?	Salem Ma	4
Newburyport [Mass.]	Newburyport Ma	4
Carlisle [Pa.]	Carlisle Pa	4
[Worcester, Mass.?	Worcester Ma	4
Chelmsford [Mass.]	Chelmsford Ma	4
[Worcester, Mass.	Worcester Ma	4
[York, Pa.	York Pa	4
New London [Conn.]	New London Ct	4
[New Haven?	New Haven Ma	4
Kingston [N.Y.]	Kingston N.Y	4
Charlestown [S.C.]	Charleston S.C	4
[New Haven]	New Haven Ma	4
Lexington [Ky.]	Lexington Ky	4
Trenton	Trenton	4
Boston: New-England	Boston Ma	4
Chambersburg [Pa.]	Chambersburg Pa	4
[Wilmington, Del.	Wilmington De	4
[Augusta, Ga.?	Augusta Ga	4
New-Brunswick [N.J.]	New Brunswick N.J	4
Providence, in New-England	NA	4
[Québec	Quebec	4
Sheffield	Sheffield	4
Reading	Reading	4
[Shrewsbury]	Shrewsbury	4
Warrington	Warrington	4
[Paris?	Paris	4
[Sherborne]	Sherborne	4
[Birmingham]	Birmingham	4
A Edimbourg	Edinburgh	4
London [i.e. Dublin]	Dublin	4
Glasguæ	Glasgow	4
[Aberdeen?	Aberdeen	4
[Cork?	Cork	4
[Germany?	Hamburg	4
[Rotterdam]	Rotterdam	4
[Saint-Omer]	St. Omer	4
Printed at Vtrech [i.e. London	London	4
[England	London	4
[Holland	Amsterdam	4
Printed at Glasgow	Glasgow	4
Dublin [i.e. London]	London	4
Printed at London ;;and re-printed at Edinburgh	London	4
Reprinted at Oxford	Oxford	4
Hagh	The Hague	4
[Leith	Edinburgh	4
[London ?	London	4
At Rotterdam	Rotterdam	4
Printed at Bristoll	Bristol	4
[New York, N.Y.]	New York N.Y	4
Norwich [England]	Norwich	4
Waterford [Ireland]	Waterford	4
Glasgow [Scotland]	Glasgow	4
[Sherborne, England]	Sherborne	4
New York [N.Y.]	New York N.Y	4
Ipswich [England]	Ipswich	4
[Winchester, England]	Winchester	4
Liverpool [England]	Liverpool	4
Cambridge [England]	Cambridge	4
Kingston [Jamaica]	Kingston Jamaica	4
Middelburg	Middelburg	3
[Liverpool	Liverpool	3
Printed at Exeter	Exeter	3
[At London	London	3
[Canterbury]	Canterbury	3
A La Haye	The Hague	3
[Rotterdam	Rotterdam	3
Hanover	Hanover	3
Southampton	Southampton	3
Sunderland	Sunderland	3
[Paris?]	Paris	3
Londres [i.e. Hamburg?]	Hamburg	3
Oxoniae	Oxford	3
[Kingston, Jamaica	Kingston Jamaica	3
Exon [Exeter, England]	Exeter	3
[Quebec	Quebec	3
[Halifax?	Halifax	3
Boston in N.E.	Boston Ma	3
[New Orleans]	New Orleans La	3
[Litchfield, Conn.]	Litchfield Ct	3
Danvers [Mass.]	Danvers Ma	3
[Newburyport, Mass.?	Newburyport Ma	3
[Philadelphia?]	Philadelphia Pa	3
[Exeter, N.H.]	Exeter N.H	3
Exeter [N.H.]	Exeter N.H	3
[Watertown, Mass.]	Watertown Ma	3
[Williamsburg, Va.]	Williamsburg Va	3
Trenton [N.J.]	Trenton N.J	3
[Worcester, Mass.]	Worcester Ma	3
Boston, in New-England	Boston Ma	3
Windham [Conn.]	Windham Ct	3
Philadelphiae	Philadelphia Pa	3
[Massachusetts	Boston Ma	3
Hudson [N.Y.]	Hudson N.Y	3
Lansingburgh [N.Y.]	Lansingburgh N.Y	3
Worcester [Mass.]	Worcester Ma	3
[Stockbridge, Mass.]	Stockbridge Ma	3
[Albany?	Albany N.Y	3
[Litchfield, Conn.	Litchfield Ct	3
Fish-Kill [N.Y.]	Fishkill N.Y	3
[Germantown, Pa.]	Germantown Pa	3
[Plymouth?	Plymouth	3
[Chester]	Chester	3
[Newcastle?	Newcastle	3
Leedes	Leeds	3
Chesterfield	Chesterfield	3
[Copenhagen]	Copenhagen	3
Air	Ayr	3
[Twickenham]	Twickenham	3
Cantabrigiae	Cambridge	3
Etonæ	Eton	3
Llundain	London	3
Caerfyrddin	Carmarthen	3
Parisiis	Paris	3
Brussels [i.e. London?]	London	3
[Norwich]	Norwich	3
A Londres [Paris?]	London	3
Paris [i.e. London?]	London	3
Macclesfield	Macclesfield	3
Paris [i.e. London]	London	3
Darlington	Darlington	3
Paris [London]	Paris	3
Londres [i.e. Amsterdam]	Amsterdam	3
Tewkesbury	Tewkesbury	3
Woodbridge	Woodbridge N.J	3
[Cambridge?]	Cambridge	3
London and Westminster	London	3
Dundee	Dundee	3
Edinburgh printed	Edinburgh	3
Falkirk	Falkirk	3
Winchester	Winchester	3
[Norwich?]	Norwich	3
Dublin printed	Dublin	3
[Birmingham	Birmingham	3
[Oxford?]	Oxford	3
London]	London	3
London?]	London	3
London.	London	3
Middleburg [i.e. London]	London	3
Imprinted at Edinburgh [i.e. London]	London	3
Imprinted at London in Powles Churchyarde	London	3
Imprentit at Sanctandrois	NA	3
Tot Londen	London	3
[Imprinted at Londo[n]	London	3
A Edimbourg [i.e. Paris]	Paris	3
Printed by his Majesties speciall command at Cambridge	NA	3
[Kilkenny]	Kilkenny	3
[s.l.	NA	3
Londini [i.e. Utrecht]	Utrecht	3
Londoni	London	3
Loudon [sic]	London	3
Lonon [sic]	London	3
Kingston, Jamaica	Kingston Jamaica	3
Sheffield [England]	Sheffield	3
Halifax [Nova Scotia]	Halifax N.S	3
London [England	London	3
Galway [Ireland]	Galway	3
[Canterbury, England]	Canterbury	3
Baltimore [Md.]	Baltimore Md	3
New York [New York]	New York N.Y	3
Philadelphie [Philadelphia, Pa.	Philadelphia Pa	3
Doncaster [England]	Doncaster	3
[Stamford, England]	Stamford	3
[Newcastle upon Tyne, England]	Newcastle	3
London, [England]	London	3
[Jamaica	Kingston Jamaica	3
Oxon [Oxford]	Oxford	2
[Northampton	Northampton	2
[Northampton?	Northampton	2
Jamaica	Kingston Jamaica	2
Whitehaven	Whitehaven	2
London [i.e. Dublin?]	Dublin	2
Londres [i.e. Amsterdam	Amsterdam	2
[London,]	London	2
[London, ]	London	2
Printed at Delph in Holland	Delft	2
[Annapolis, Md.	Annapolis Md	2
[Harrisburg?	Harrisburgh Pa	2
[Savannah, Ga.	Savannah Ga	2
Londini [i.e. Germany]	Hamburg	2
Edinburghi	Edinburgh	2
Exeter, [England]	Exeter	2
Exeter [England]	Exeter	2
[Chester	Chester	2
Boston, in N.E.	Boston Ma	2
[Cambridge, Mass.?	Cambridge Ma	2
[New Jersey	Newark N.J	2
[Saint Augustine	St. Augustine Fl	2
[Massachusetts?	Boston Ma	2
[Newburyport, Mass.	Newburyport Ma	2
[Halifax, N.S.?	Halifax N.S	2
[New Jersey?	Newark N.J	2
[Danvers, Mass.]	Danvers Ma	2
Portsmouth, in New-Hampshire	Portsmouth N.H	2
Commonwealth of Massachusetts: Boston	Boston Ma	2
Newbury-Port: [Mass.]	Newburyport Ma	2
Warren (Rhode-Island)	Warren R.I	2
Portsmouth: New-Hampshire	Portsmouth N.H	2
Printed at Exeter [N.H.]	Exeter N.H	2
[Providence?]	Providence R.I	2
Printed at Portland [Me.]	Portland Me	2
Chatham [N.J.]	Chatham N.J	2
Worcester [Mass]	Worcester Ma	2
[Norwich, Conn.?	Norwich Ct	2
Providence (Rhode Island)	Providence R.I	2
[Williamsburg, Va.?	Williamsburg Va	2
[Norwich, Conn.	Norwich Ct	2
[Fishkill, N.Y.?	Fishkill N.Y	2
[Woodbridge, N.J.?	Woodbridge N.J	2
[New London, Conn.	New London Ct	2
Walpole, Newhampshire	Walpole N.H	2
Printed in Hudson [N.Y.]	Hudson N.Y	2
[Jacksonburgh, S.C.	Jacksonburgh S.C	2
[Halifax, N.C.?	Halifax N.C	2
[Lancaster Pa.	Lancaster Pa	2
Charles-Town [i.e., Charleston, S.C.]	Charleston S.C	2
[Boston] America	Boston Ma	2
Hagerstown [Md.]	Hagerstown Md	2
New-York.	New York N.Y	2
Massachuset; Boston	Boston Ma	2
Richmond [Va.]	Richmond Va	2
Westminster [Vt.]	Westminster Vt	2
A Philadelphie.	Philadelphia Pa	2
Reading [Pa.]	Reading Pa	2
Rutland [Vt.]	Rutland Vt	2
Salem [Mass.]; N.E.	Salem Ma	2
Springfield [Mass.]	Springfield Ma	2
York-town [Pa.]	York Pa	2
[United States]	United States	2
[Norfolk, Va.	Norfolk Va	2
[Richmond]	Richmond	2
[Albany, N.Y.	Albany N.Y	2
[Albany	Albany N.Y	2
Boston: in N.E.	Boston Ma	2
Savannah	Savannah Ga	2
Lancäster [Pa.]	Lancaster Pa	2
[Savannah?]	Savannah Ga	2
Portsmouth: N.H.	Portsmouth N.H	2
[New-London, Conn.]	New London Ct	2
[Annapolis]	Annapolis Md	2
Bennington [Vt.]	Bennington Vt	2
Philadelpaia [sic]	Philadelphia Pa	2
Boston: (Commonwealth of Massachusetts)	Boston Ma	2
Andover [Mass.]	Andover Ma	2
Printed at Stockbridge [Mass.]	Stockbridge Ma	2
[Amherst, N.H.]	Amherst N.H	2
Fish-kill [N.Y.]	Fishkill N.Y	2
[Newbern, N.C.?]	New Bern N.C	2
[Leominster, Mass.]	Leominster Ma	2
Halifax [N.S.]	Halifax N.S	2
Newbury [Mass.]	Newbury Ma	2
Londre	London	2
Wisbech	Wisbech	2
A Birmingham	Birmingham	2
Corte [i.e. London?]	London	2
Stamford	Stamford	2
Kelso	Kelso	2
London [i.e. Gainsborough]	Gainsborough	2
Chelmsford	Chelmsford	2
[Leeds]	Leeds	2
A Londres [i.e. Basle?]	Basel	2
[Newcastle upon Tyne]	Newcastle	2
Taunton	Taunton	2
Lichfield	Litchfield Ct	2
Abredoniæ	Aberdeen	2
Cirencester	Cirencester	2
Peterborough	Peterborough	2
[Bath	Bath	2
Gravesend	Gravesend	2
Dumfries	Dumfries	2
London-Derry	Londonderry	2
Newark	Newark	2
[Perth?	Perth	2
Howden	Howden	2
Londra [i.e. Venice?]	Venice	2
Londra[i.e. Venice]	Venice	2
Londres [Paris?]	London	2
[Birmingham?]	Birmingham	2
Waterford	Waterford	2
Londres [i.e. Brussels?]	Brussels	2
Londini [i.e. Paris]	Paris	2
[Glasgow?]	Glasgow	2
[Eton]	Eton	2
Sudbury	Sudbury	2
[Londres]	London	2
Edinborough	Edinburgh	2
[Darlington]	Darlington	2
Windsor	Windsor	2
Vienna	Vienna	2
[Birmingham?	Birmingham	2
Hereford	Hereford	2
Ludlow	Ludlow	2
Bury	Bury	2
[Plymouth	Plymouth	2
Lond.	London	2
[Downpatrick?	Downpatrick	2
A Edinbourg	Edinburgh	2
Preston	Preston	2
[Canterbury	Canterbury	2
Leith	Edinburgh	2
[Manchester]	Manchester	2
Hambourg [i.e. London]	London	2
Londres [i.e. Berlin]	Berlin	2
[Port-au-Prince]	Port-au-Prince	2
Londres [i.e. Winterthur	Winterthur	2
Maidstone	Maidstone	2
[London? :bs.n.	London	2
[Belfast?]	Belfast	2
London [i.e. The Hague]	The Hague	2
[Imprentit at Edinburgh	NA	2
At Oxford [i.e. London]	London	2
[Cologne	Cologne	2
Printed at Delph	Delft	2
[Utrecht	Utrecht	2
Lugduni Batavorum	Leiden	2
London [	London	2
Imprimé à Londres	London	2
Imprimè a Londres	London	2
Jmprinted at London	NA	2
Imprinted at Newcastle	Newcastle	2
Imprented at Edinburgh	NA	2
Ghedruckt tot Londen	London	2
Imprinted in London	London	2
Printed in Elisium [i.e. London]	London	2
A la Haye	The Hague	2
Printed at Vtrecht [i.e. London	London	2
Printed in Elisium [i.e. London	London	2
Lutetiæ Parisiorum [i.e. London]	London	2
[Cambridge and London]	NA	2
Printed at Amstelredam	Amsterdam	2
DublinI	Dublin	2
Printed at London [i.e. Holland	Amsterdam	2
[Emden	Emden	2
At S. Omers	St. Omer	2
Printed in Aberdene	Aberdeen	2
Prynted at London	NA	2
[Wesel?	Wesel	2
Louanii	London	2
At Delft [i.e. London	London	2
Printed at Rotterdam [i.e. London?]	London	2
Londoni [sic]	London	2
[Rouen	Rouen	2
Printed at VVaterford	Waterford	2
Printed by His Majesties command at Oxford [i.e. London]	London	2
Edinburgh [i.e. London]	London	2
Hagæ	The Hague	2
[Oxford, i.e. London?]	London	2
Printed at Corck	Cork	2
Printed at Delf in Holeand	Delft	2
Printed at Oxford, and reprinted at Shrewsbury	NA	2
[Kilkenny	Kilkenny	2
Imprinted at Bristoll	Bristol	2
Printed at Roüen	Rouen	2
Holy-Rood-House [i.e. Edinburgh]	Edinburgh	2
[Aberdeen]	Aberdeen	2
Reprinted at Edinburgh	Edinburgh	2
In the Savoy [i.e., London]	London	2
Printed at Corcke	Cork	2
Lodon [sic]	London	2
[[Edinburgh	Edinburgh	2
A Ratisbonne	Regensburg	2
Londom [sic]	London	2
Printed at Shrewsbury	Shrewsbury	2
Imprinted at Shrewsbury	Shrewsbury	2
Kilkenny	Kilkenny	2
[Nottingham?	Nottingham	2
Londgn [sic]	London	2
[London?] printed	London	2
Printed at Oxford [i.e. London?]	London	2
Bristoll [Avon]	Bristol	2
[Vevay,] Switzerland	Vevey	2
Edenburgh	Edinburgh	2
[Salisbury?	Salisbury	2
Nod-nol [i.e. London]	London	2
Hage	The Hague	2
Printed at Paris, cum privilegio	Paris	2
[Londonderry?	Londonderry	2
Londen [sic] [i.e. Cologne?]	Cologne	2
Nunc demum typis excusa Londinii	London	2
[In the Hague	The Hague	2
[Printed at the Hague	The Hague	2
[L]ondon	London	2
[London and Oxford]	NA	2
London, printed	London	2
Hagæ-Comitis [i.e. London]	London	2
York [i.e. London]	London	2
Oxford [i.e. London	London	2
Oxford [i.e., London]	London	2
Europe [i.e. London]	London	2
Octob. 10. London	London	2
Imprinted at Yondon [i.e. London]	London	2
Printed at Oxford [i.e. London	London	2
Oxford [i.e. London?]	London	2
Printed at Edinburgh [i.e. London]	London	2
Printed at Cambridge	Cambridge	2
Printed at Waterford in Ireland	Waterford	2
Lonkon [sic]	London	2
St. George's [Grenada]	St George's grenada	2
[Philadelphia, Pa.]	Philadelphia Pa	2
Hamburg [Germany]	Hamburg	2
[Dublin [Ireland]	Dublin	2
Litchfield (Connecticut)	Litchfield Ct	2
Staunton [Va.]	Staunton Va	2
Bury St. Edmunds [England]	Bury St. Edmunds	2
[Birmingham, England]	Birmingham	2
[Dumfries, Va.]	Dumfries Va	2
[Calcutta, India]	Calcutta	2
[Oxford, England	Oxford	2
[Fryeburg, Me.]	Fryeburg Me	2
Columbia [South Carolina]	Columbia S.C	2
Kelso [Scotland]	Kelso	2
[Aberdeen [Scotland]	Aberdeen	2
[Dundee, Scotland	Dundee	2
[Chelmsford, England]	Chelmsford	2
Belfast [Ireland]	Belfast	2
[Portsmouth, England]	Portsmouth	2
[Worcester, England]	Worcester	2
St. John's in Antigua	NA	2
Knoxville (state of Tennessee)	Knoxville Tn	2
[Aberdeen, Scotland]	Aberdeen	2
[Manchester, England]	Manchester	2
[Southampton, England]	Southampton	2
Leeds [England]	Leeds	2
Preston [England]	Preston	2
Darlington [England]	Darlington	2
[Chester, England]	Chester	2
Leicester [England]	Leicester	2
[Leicester, England]	Leicester	2
[Calcutta, India	Calcutta	2
[Whitehaven, England]	Whitehaven	2
New-Castle [England]	Newcastle	2
Newcastle[-upon-Tyne, England]	Newcastle	2
Clonmel [Ireland]	Clonmel	2
[Derby, England]	Derby	2
Kilkenny [Ireland]	Kilkenny	2
Northampton [England]	Northampton	2
[Oxford, England]	Oxford	2
[[London, England]	London	2
St. Ives in Huntingdonshire [England]	NA	2
Whitehaven [England]	Whitehaven	2
Madras [India]	Madras India	2
[Bury St. Edmunds, England]	Bury St. Edmunds	2
Nassau [Bahamas]	Nassau	2
Newbury (Vermont)	Newbury Vt	2
[Nassau, Bahamas	Nassau	2
Londres[i.e. Paris?]	Paris	2
[[London] In the Savoy	London	1
[Annapolis] Maryland	Annapolis Md	1
Glasgow printed	Glasgow	1
[Kelso	Kelso	1
[Lancaster]	Lancaster Pa	1
Stamford : printed by Newcomb and Peat; and sold for the benefit of the charity	Stamford	1
[Whitehaven	Whitehaven	1
Ireland	Dublin	1
[London : printed for Iohn Field for Edward Husband, to the Parliament of England	London	1
North-Shields	North Shields	1
[Winchester or Oxford?	Winchester	1
Banbury	Banbury	1
A Leide	Leiden	1
[Manchester?	Manchester	1
[London :]	London	1
[Liverpool?	Liverpool	1
A Londres [i.e. The Hague]	The Hague	1
A Paris [i.e. Dublin?]	Dublin	1
A Londres : [s.n.]	London	1
New Haven	New Haven Ma	1
London [i.e. Danzig, i.e. Gdansk]	Gdansk	1
[Dover, N.H.	Dover N.H	1
South Shields	South Shields	1
Eerst ghedruckt tot Edinburgh	Edinburgh	1
Philadelphia [i.e. Berlin	Berlin	1
A Philadelphie [i.e. Lausanne]	Lausanne	1
London [i.e. Berlin	Berlin	1
Berlin	Berlin	1
Londra [i.e. Florence	Florence	1
[Eton	Eton	1
Te Londen	London	1
[Derby?	Derby	1
Tot Leiden	Leiden	1
[Romsey]	Romsey	1
[Poughkeepsie [N.Y.]	Poughkeepsie N.Y	1
[[Londres]	London	1
Burnley	Burnley	1
[Taunton?	Taunton	1
[Hillsborough?	Hillsborough N.C	1
[Sussex?	Bishopstone	1
[Hull	Hull	1
[Bottisham?	Bottisham	1
New-Brunswick	New Brunswick N.J	1
Plymouth	Plymouth	1
[Darlington?	Darlington	1
[Southampton	Southampton	1
London :;Hartford	London	1
Londres [i.e. Bern?]	Bern	1
A Amsterdam et a Leipzig	NA	1
[Inverlochie]	Inverlochie	1
[Point-à-Pitre, Guadeloupe?	NA	1
[A la Point-à-Pitre	NA	1
Pointe-A-Pitre, [Guadeloupe]	NA	1
[Bahamas]	Nassau	1
New York, [N.Y.]	New York N.Y	1
[New York, N.Y.?	New York N.Y	1
[Bridgnorth]	Bridgnorth	1
[Hereford?	Hereford	1
[Newburyport, Mass.?]	Newburyport Ma	1
[Passy	Paris	1
Hanoviae	Hanover	1
Antwerpiae	Antwerp	1
Frankfurt	Frankfurt	1
Paris :b chez Nicolas Buon, rue S. Jacques a l'Enseigne Sainct Claude, & de l'homme Sauvage	NA	1
Dunbar	Dunbar	1
Sarrebruck	Saarbrucken	1
[Rhode Island?	Providence R.I	1
Evrope [i.e. London?]	London	1
Barbadoes	Bridgetown Barbados	1
[Salisbury, Massachusetts	Salisbury Ma	1
L:Derry [Londonderry, Ireland]	Londonderry	1
[Glocester, Mass.?	Glocester Ma	1
[Montreal?	Montreal	1
Niagara	Niagara	1
[Quebec]	Quebec	1
[St. John	St. John's Antiqua	1
[Fredericton	Fredericton	1
[Charlotte-Town	Charlottetown Pe	1
Charlotte-Town	Charlottetown Pe	1
St. John	St. John's Antiqua	1
[Parr-Town	Parr-Town	1
A Montreal	Montreal	1
[Montreal]	Montreal	1
[Bridgetown, Barbados?	Bridgetown Barbados	1
Printed at Boston in New-England	Boston Ma	1
Bostonæ Nov-Anglorum	Boston Ma	1
[St. Mary's, Md.]	St. Mary's Md	1
Cambridg [i.e., Cambridge, Mass.]	Cambridge Ma	1
Cambridg [Mass.]	Cambridge Ma	1
Mushauwomuk [i.e. Boston]	Boston	1
Boston in New England.	Boston Ma	1
Boston in New-England.	Boston Ma	1
[Boston in New-England	Boston Ma	1
Newbury-Port	Newburyport Ma	1
[Alexandria	Alexandria Va	1
Philadelphie [i.e. Paris	Paris	1
[S.C.	London	1
[United States?]	United States	1
(Philadelphia	Philadelphia Pa	1
Printed at Poughkeepsie [N.Y.]	Poughkeepsie N.Y	1
[Elizabeth, N.J.?	Elizabeth N.J	1
[Richmond?	Richmond	1
Northampton [Mass.]	Northampton Ma	1
Portsmouth in New-Hampshire	Portsmouth N.H	1
[Petersburg, Va.	Petersburg Va	1
Dover [N.H.]	Dover N.H	1
[Poughkeepsie, N.Y.?	Poughkeepsie N.Y	1
Salem [Mass.], N.E.	Salem Ma	1
[Hartford?]	Hartford Ct	1
New-Jersey	Newark N.J	1
Haverhill [Mass.]	Haverhill Ma	1
[Boston] North America	Boston Ma	1
Printed at Norwich [Conn.]	Norwich Ct	1
[Raleigh, N.C.?	Raleigh N.C	1
A Baltimore	Baltimore Md	1
Williamsburg	Williamsburg Va	1
[Carlisle, Pa.]	Carlisle Pa	1
Elizabeth-Town [N.J.]	Elizabethtown Md	1
Reprinted in Bennington, (Vermont,)	Bennington Vt	1
Danbury [Conn.]	Danbury Ct	1
[Carlisle, Pa.	Carlisle Pa	1
[Newark, N.J.	Newark N.J	1
(Providence	Providence R.I	1
Danvers, near Boston	Danvers Ma	1
Norwich [Conn]	Norwich Ct	1
[Richmond, Va.	Richmond Va	1
[Massachusetts]	Boston Ma	1
York-Town [i.e., York, Pa.]	York Pa	1
[Dresden, Vt., i.e., Hanover, N.H.	Hanover N.H	1
[Keene, N.H.]	Keene N.H	1
[Albany, N.Y.?	Albany N.Y	1
[Trenton, N.J.	Trenton N.J	1
Stockbridge [Mass.]	Stockbridge Ma	1
Williamsburgh [Va.]	Williamsburg Va	1
[Norwich, Conn.?]	Norwich Ct	1
[Danvers, Mass.	Danvers Ma	1
[Massachusetts?]	Boston Ma	1
[Westminster, Vt.	Westminster Vt	1
[West Springfield, Mass.]	West Springfield Ma	1
Printed at Worcester [Mass.]	Worcester Ma	1
Hartford, (Connecticut)	Hartford Ct	1
Printed at Hartford (Connecticut.)	Hartford Ct	1
Leominster, (Massachusetts)	Leominster Ma	1
St. Augustine, East-Florida	St. Augustine Fl	1
South-Carolina: Charles-Town	Charleston S.C	1
[Jacksonburgh, S.C.]	Jacksonburgh S.C	1
Germanton [Pa.]	Germantown Pa	1
[Woodbridge N.J.]	Woodbridge N.J	1
[Augusta, Ga.	Augusta Ga	1
Danvers [Mass.], near Boston	Danvers Ma	1
Shepherd's-Town [Va.]	Shepherdstown Va	1
[York, Pa.]	York Pa	1
Hartford.	Hartford Ct	1
Washington [Pa.]	Washington Pa	1
Dedham [Mass.]	Dedham Ma	1
United States. [Philadelphia?	Philadelphia Pa	1
[Boston] Commonwealth of Massachusetts	Boston Ma	1
[New Haven?]	New Haven Ma	1
New York.	New York N.Y	1
Monmouth (N.J.)	Monmouth N.J	1
Charleston, South-Carolina	Charleston S.C	1
Fredicksburg [Va.]	Fredicksburg Va	1
[Dresden, Vt., i.e., Hanover, N.H.]	Hanover N.H	1
Bostoniae, Americae	Boston Ma	1
Charles-Town, South-Carolina	Charleston S.C	1
Medford [Mass.]	Medford Ma	1
America: Boston	Boston Ma	1
[Pembroke, Mass.	Pembroke Ma	1
[Cheshire, Conn.?	Chesire Ct	1
Leominster, Massachusetts	Leominster Ma	1
[Ephrata, Pa.]	Ephrata Pa	1
[Charleston?	Charleston S.C	1
Albany [N.Y.]	Albany N.Y	1
Printed at Boston.	Boston	1
Lancaster	Lancaster Pa	1
[Easton Md.?	Easton Md	1
[Augusta, Me.?	Augusta Me	1
Danvers [Mass.], near Salem	Danvers Ma	1
America. Boston	Boston Ma	1
Poughkeepsie, Dutchess County [N.Y.]	Poughkeepsie N.Y	1
[Westminster]	London	1
America	America	1
A New-York	New York N.Y	1
Elizabethtown, Maryland	Elizabethtown Md	1
[Charleston. S.C.	Charleston S.C	1
[Poughkeepsie, N.Y.]	Poughkeepsie N.Y	1
Providence.	Providence R.I	1
Printed in New-York	New York N.Y	1
[Chelmsford, Mass.?	Chelmsford Ma	1
Newburgh [N.Y.]	Newburgh N.Y	1
Windham, Conn.	Windham Ct	1
[Annapolis?	Annapolis Md	1
[Maryland?	Annapolis Md	1
[New York] America	New York N.Y	1
[Charleston] South-Carolina	Charleston S.C	1
[Savannah]	Savannah Ga	1
(Printed in Albany	Albany N.Y	1
[Bennington, Vt.	Bennington Vt	1
Printed in Bennington [Vt.]	Bennington Vt	1
[Frederick, Md.?	Frederick Md	1
Printed at Exeter, [N.H.]	Exeter N.H	1
[Germantown, Pa.	Germantown Pa	1
Rome [N.Y.]	Rome N.Y	1
[Knoxville, Tenn.	Knoxville Tn	1
Philadelphia and New York	Philadelphia Pa	1
Halifax [N.C.]	Halifax N.C	1
Hanover [N.H.]	Hanover N.H	1
Charles-town [S.C.]	Charleston S.C	1
Woodbridge, in New-Jersey	Woodbridge N.J	1
Boston N.E.	Boston Ma	1
[Chelmsford, Mass.]	Chelmsford Ma	1
Germanton, [Pa.]	Germantown Pa	1
[Halifax, N.C.	Halifax N.C	1
--Newark	Newark	1
Concord [N.H.]	Concord N.H	1
Lancaster [Penn.]	Lancaster Pa	1
[Newbern, N.C.?	New Bern N.C	1
[Newark, N.J.]	Newark N.J	1
Baltimore-Town	Baltimore Md	1
[Rhode Island	Providence R.I	1
Portsmouth:--New-Hampshire	Portsmouth N.H	1
America: Printed at Providence (R. Island)	Providence R.I	1
New-Windsor [N.Y.]	New Windsor N.Y	1
[Northampton, Mass.]	Northampton Ma	1
[Brattleborough, Vt.]	Brattleborough Vt	1
Providence (Rhode-Island)	Providence R.I	1
Printed at Windsor [Vt.]	Windsor Vt	1
Printed at Litchfield [Conn.]	Litchfield Ct	1
[New Bern, N.C.	New Bern N.C	1
Amherst, Newhampshire	Amherst N.H	1
[Mount Holly, N.J.]	Mount Holly N.J	1
Wilmington, (North-Carolina)	Wilmington N.C	1
Exeter; New-Hampshire	Exeter	1
[Pennsylvania	Philadelphia Pa	1
Boston, N. England	Boston Ma	1
[Wilmington, Del.]	Wilmington De	1
A Philadelphie, et se trouve à Paris	NA	1
[Lansingburgh, N.Y.]	Lansingburgh N.Y	1
[Annapolis] North-America	Annapolis Md	1
Massachusetts-State: Boston	Boston Ma	1
America [i.e., Boston]	Boston	1
Printed in Philadelphia	Philadelphia Pa	1
Printed at Greenfield, Massachusetts.	Greenfield Ma	1
Newport (Rhode-Island)	Newport R.I	1
Boston, in America	Boston Ma	1
Newbury-port [Mass.]	Newburyport Ma	1
Neo-Eboraci	New York N.Y	1
Georgia. Savannah	Savannah Ga	1
[Trenton, N.J.]	Trenton N.J	1
Bennington [Vt]	Bennington Vt	1
Poughkeepsie, [N.Y.]	Poughkeepsie N.Y	1
A Charleston [S.C.]	Charleston S.C	1
[Newburgh, N.Y.?	Newburgh N.Y	1
[South Carolina?	Charleston S.C	1
Printed at Rutland, Vermont	Rutland Vt	1
Burlington, New-Jersey	Burlington N.J	1
Burlington, in New-Jersey	Burlington N.J	1
Philadelphie.	Philadelphia Pa	1
[Portsmouth] New-Hampshire	Portsmouth N.H	1
Annapolis [Md.]	Annapolis Md	1
Charlestown [Mass.]	Charlestown Ma	1
Keene (New-Hampshire:)	Keene N.H	1
London [i.e. New York]	New York N.Y	1
Warren (R.I.)	Warren R.I	1
Lancaster [N.J.]	Lancaster N.J	1
Boston: New-England.	Boston Ma	1
Boston: New England.	Boston Ma	1
Williamsburg [Va]	Williamsburg Va	1
[Virginia	Richmond Va	1
[Woodbridge, N.J.	Woodbridge N.J	1
[Burlington?	Burlington N.J	1
Gedruckt in Germanton [Pa.]	Germantown Pa	1
Charlottesville [Va.]	Charlottesville Va	1
New-Bedford [Mass.]	New Bedford Ms	1
Printed at New-York	New York N.Y	1
Martinsburg [Va.]	Martinsburg Va	1
Bennington: (Vermont:)	Bennington Vt	1
(New-York	New York N.Y	1
A Newport [R.I.]	Newport R.I	1
York-town [Penn.]	York Pa	1
Printed at Rutland [Vt.]	Rutland Vt	1
[Ephrata, Pa.?	Ephrata Pa	1
[Brookfield]	Brookfield Ma	1
Windsor [Vt.]	Windsor Vt	1
[Windsor, Vt.	Windsor Vt	1
[Montréal	Montreal	1
A Quebec	Quebec	1
Nova-Scotia	Halifax N.S	1
[Hudson, N.Y.]	Hudson N.Y	1
Printed in Albany	Albany N.Y	1
Ephrata [Pa.]	Ephrata Pa	1
Salem, N.E.	Salem Ma	1
Haverhill, (New-Hampshire)	Haverhill N.H	1
Amherst, (New-Hampshire)	Amherst N.H	1
N. London, [i.e., New London, Conn.]	New London Ct	1
Te Philadelphia	Philadelphia Pa	1
Bay-State: Boston	Boston Ma	1
[Portland, Me.]	Portland Me	1
Alexandria [Va.]	Alexandria Va	1
Newbury-Port, New-England	Newburyport Ma	1
[Charleston] South Carolina.	Charleston S.C	1
Printed at Walpole, Newhampshire	Walpole N.H	1
Printed at Walpole, New Hampshire	Walpole N.H	1
Printed at Salem [Mass.]	Salem Ma	1
Boston, (Massachusetts.)	Boston Ma	1
Hagers-Town [Md.]	Hagerstown Md	1
--New-York	New York N.Y	1
[Philadelphia] America	Philadelphia Pa	1
[New Bedford]	New Bedford Ma	1
Dresden [Vt., i.e., Hanover, N.H.]	Hanover N.H	1
[Dresden, Vt.; i.e., Hanover, N.H.	Dresden	1
Charlestown [i.e., Charleston, S.C.]	Charleston S.C	1
Newark, New-Jersey	Newark N.J	1
[New Bedford, Mass.	New Bedford Ms	1
[Annapolis, Md.]	Annapolis Md	1
Re-printed at Lichfield [sic] [Conn.]	Litchfield Ct	1
Schenectady [N.Y.]	Schenectady N.Y	1
State of Massachusetts-Bay. Boston	Boston Ma	1
Keene: state of New-Hampshire	NA	1
Vergennes [Vt.]	Vergennes Vt	1
Concord [Mass.]	Concord Ma	1
Worcester, (Massachusetts)	Worcester Ma	1
Hartford: Printed, ..	Hartford Ct	1
Lancaster [Pa.	Lancaster Pa	1
[Worcester	Worcester	1
[York?]	York	1
[Daventry]	Daventry	1
Altona	Altona	1
Londres [Hamburg?]	Hamburg	1
[Charleston, SC]	Charleston S.C	1
[Woodbridge]	Woodbridge N.J	1
[Belfast?	Belfast	1
[Bury St. Edmund's	Bury St. Edmunds	1
[Ireland?]	Dublin	1
Boston [i.e. Berne]	Bern	1
[Amsterdam [i.e. London?]	London	1
A. Londres	London	1
A Londres [i.e. Liepzig?]	Leipzig	1
Wrexham	Wrexham	1
London [i.e. York]	York	1
Caer-Grawnt	Caernarfon	1
A Londres [i.e. Geneva?]	Geneva	1
[Walsall]	Walsall	1
Londra [i.e. Florence?]	Florence	1
Newport [Isle of Wight]	Newport Isle Wight	1
A Basle [i.e. London?	London	1
A Londres [i.e. Brussels]	Brussels	1
Evesham	Evesham	1
Margate	Margate	1
In Glasgua	Glasgow	1
A Londres [i.e. Paris	Paris	1
In Siena	Siena	1
Birminghamiæ	Birmingham	1
[Whitehaven]	Whitehaven	1
En Londres	London	1
[Carmarthen]	Carmarthen	1
London [Göttingen	London	1
Gainsbrough	Gainsborough	1
à Londres	London	1
Kington	Kingston	1
A Londres [i.e. The Hague?]	The Hague	1
Halle	Halle	1
Londres, et se trouve à Paris	NA	1
[Beverley?	Beverley	1
Dublin [Paris?]	Dublin	1
[Harlem	Haarlem	1
Edimbourg [Toulouse?]	Edinburgh	1
A Londres [Amsterdam?]	Amsterdam	1
A Londres [Paris]	London	1
Goa	Goa	1
Londres [i.e. Basel]	Basel	1
Wolverhampton	Wolverhampton	1
[Belfast]	Belfast	1
Edinbourg	Edinburgh	1
Cambrigde [i.e. Cambridge]	Cambridge	1
[Monmouth]	Monmouth	1
[Stamford]	Stamford	1
Wimbledon [i.e. Paris?]	Paris	1
Edimbourg [Paris?]	Edinburgh	1
[Durham?	Durham	1
Édimbourg [i.e. Paris?]	Paris	1
A Londre	London	1
A Londres [i.e. Dresden]	Dresden	1
Basle [i.e. London?]	London	1
A Londres [i.e. Netherlands?]	Amsterdam	1
Montrose	Montrose	1
Guernesey	Guernesey	1
Richmond [Surrey]	Richmond	1
[Exeter?]	Exeter	1
Ennis	Ennis	1
Grenada	Grenada	1
London [i.e. Edinburgh?]	Edinburgh	1
Durham	Durham	1
[Canterbury?] Printed	Canterbury	1
Bublin [i.e. Dublin?]	Dublin	1
Cantabrigæ	Cambridge	1
[Surry]	Kingston	1
Stirling	Stirling	1
[Wigan?]	Wigan	1
Te Amsterdam	Amsterdam	1
Boulogne	Boulogne	1
[Kingston-upon-Hull]	Hull	1
[Calcutta?	Calcutta	1
Londres, Philadelphie [i.e. Paris]	Paris	1
Calcuta [sic]	Calcutta	1
[Nottingham]	Nottingham	1
[Bishopstone, Sussex]	Bishopstone	1
[Bridgetown]	Bridgetown Barbados	1
à Edimbourg	Edinburgh	1
[Hamburg and London]	NA	1
[Londres, i.e. Paris]	Paris	1
[Newcastle]	Newcastle	1
Charles-Town, South-Carolina [i.e. London?]	London	1
[Poole]	Poole	1
Poole	Poole	1
Augusta [i.e. London]	London	1
[Colchester]	Colchester	1
Yarmouth	Yarmouth	1
[Knaresborough]	Knaresborough	1
London [i.e. Berne]	Bern	1
Brussels [i.e. London]	London	1
Londra [i.e. Paris?]	Paris	1
Londres [Paris]	London	1
Basseterre in St. Christopher	NA	1
Dubiiu [i.e. Dublin]	Dublin	1
Douay	Douai	1
Londres [i.e Amsterdam?]	Amsterdam	1
Londres [ie. Lausanne]	Lausanne	1
London [i.e. Amsterdam?]	Amsterdam	1
London and Francfort	NA	1
St Andrews	St. Andrews	1
A Dublin	Dublin	1
Londres [i.e. Rotterdam?]	Rotterdam	1
A Londres [i.e. Hamburg?]	Hamburg	1
Londra [i.e. Venice]	Venice	1
Londres [The Hague?]	NA	1
[Londres i.e. Paris?]	Paris	1
Londres [Brussels?]	Brussels	1
A Bruxelles	Brussels	1
Stockton	Stockton	1
Londre [sic] [i.e. Paris?]	Paris	1
[Newcastle	Newcastle	1
Grantham	Grantham	1
[ London	London	1
[Coventry?]	Coventry	1
Londres [i.e. Frankfurt]	Frankfurt	1
Winton	Winton	1
Bury St. Edmund's	Bury St. Edmunds	1
Warwick	Warwick	1
[Leeds	Leeds	1
[Birstall?]	Birstall	1
London und Berlin	London	1
London [i.e. Frankfurt]	Frankfurt	1
[Dubl]in	NA	1
Waltham	Waltham	1
[Doncaster]	Doncaster	1
[Wolverhampton?	Wolverhampton	1
[Limerick	Limerick	1
a Londres	London	1
Newry	Newry	1
Berlin [i.e. London?]	London	1
Carmarthen	Carmarthen	1
L:Derry	Londonderry	1
A Londres; et se trouvent à Paris	London	1
Northampton	Northampton	1
Apud Kilmarnock	Kilmarnock	1
Dominica	Roseau Dominica	1
Weymouth	Weymouth	1
In Dublino	Dublin	1
Carlow	Carlow	1
[Abingdon?]	Abingdon	1
[Newcastle upon Tyne?	Newcastle	1
[Banbury]	Banbury	1
[[Cork]	Cork	1
[Leicester]	Leicester	1
[Penrith]	Penrith	1
[Liverpool?]	Liverpool	1
[Kirkcudbright?]	Kirkcudbright	1
A Londres [i.e. Paris?	Paris	1
Londres[i.e.Antwerp?]	Antwerp	1
[Deptford]	Deptford	1
[Newark	Newark	1
[Carlisle?	Carlisle	1
Apud Ayr	Ayr	1
[Stafford]	Stafford	1
[Limerick]	Limerick	1
Monterosarum	Montrose	1
Burton-Upon-Trent	Burton	1
[Leicester?]	Leicester	1
Dover	Dover	1
[London i.e. Paris?]	Paris	1
Dunelmiæ	Durham	1
Londres [i.e.Paris?]	Paris	1
À Dublin	Dublin	1
Rochdale	Rochdale	1
A Glasgow	Glasgow	1
[Perth	Perth	1
Sligo	Sligo	1
[Bury St. Edmunds?]	Bury St. Edmunds	1
Dublini	Dublin	1
Shiffnal	Shiffnal	1
Brentford	Brentford	1
Warringtoniæ	Warrington	1
Edimburgh	Edinburgh	1
La Haye	The Hague	1
Kilmarnock	Kilmarnock	1
Londres [i.e. Frankfurt?]	Frankfurt	1
Londres [i.e. Frankfurt	Frankfurt	1
[Ampthill?	Ampthill	1
Londres [i.e. Geneva?]	Geneva	1
Londres [i.e. Geneva]	Geneva	1
Londres [i.e. Leipzig]	Leipzig	1
[Bungay]	Bungay	1
Edinbourga	Edinburgh	1
[Banbury	Banbury	1
Sarum	Salisbury	1
Edinbugh [sic]	Edinburgh	1
[Cirencester?]	Cirencester	1
[Belfast	Belfast	1
[Ipswich?	Ipswich	1
Boston [Lincs.]	Boston	1
Williamsburgh [i.e. London?]	London	1
Amsterdam [London?]	Amsterdam	1
Strabane	Strabane	1
Spitalfields	London	1
Kingston-Upon-Hull	Hull	1
[Woodbridge?	Woodbridge N.J	1
Horncastle	Horncastle	1
[Bath?	Bath	1
[Exeter	Exeter	1
[The Hague?]	The Hague	1
In the Savoy	London	1
Printed in the Hagh	The Hague	1
England?]	London	1
Edinburgh?]	Edinburgh	1
Imprinted at Londo[n]	London	1
Londini [i.e.Geneva?]	Geneva	1
[Impr]inted at Lon[don	NA	1
Printed at Andwerpe [i.e. Paris?	Paris	1
[Printed at Doway	Douai	1
Imprinted at London in Fleetstreete	London	1
[Imprintit at Edinburgh	NA	1
Edinbvrgi	Edinburgh	1
[Imprynted at London in Powles church yarde by Rycharde Iugge and Iohn Cawood printers to the Quenes Maiestie. Cum priuilegio Regiæ Maiestatis]	NA	1
[Excvsvm Londini	London	1
Printed in Aeerdene [sic]	Aberdeen	1
Imprinted at Paris	Paris	1
Imprimé à Londres par Richard Field, sur les copies impriméez à Tours & à la Rochelle	NA	1
Imprime à Basle [i.e. London]	London	1
Wt Londen [i.e. Netherlands]	Amsterdam	1
[Printed at Amsterdam	Amsterdam	1
Imprented at Striviling	NA	1
Printed at the Hage [i.e. London?]	London	1
At Middleburgh [i.e. London]	London	1
From Altmore	Altmore	1
[Aldermanbury	Aldermanbury	1
Printed at Edinbvrgh	Edinburgh	1
[Leyden?	Leiden	1
[Lancaster?	Lancaster Pa	1
Imprintit at Striviling	NA	1
Imprime à Basle [i.e. La Rochelle]	La Rochelle	1
And imprentit [in Edinburgh	NA	1
Oxoniæ excudebant	Oxford	1
Printed at Edinburgh [i.e. Leiden]	Leiden	1
Printed at Midelburge	Middelburg	1
A Paris [i.e. London	London	1
A Verdun	Verdun	1
Imprinted at Leyden	Leiden	1
Imprinted at London in Povvles Churchyarde	London	1
[Netherlands	Amsterdam	1
Imprentit at Striuiling	NA	1
[Strassburg	Strasbourg	1
In't Nederduyts over-gheset na't ghedruckte exemplaer van Londen	NA	1
Ghedruckt to London	London	1
Imprinted in the Cathedrall Church of the blessed Trinitie Dublin	NA	1
Ghedruckt tot Londen [i.e. Netherlands]	Amsterdam	1
Printed at Aberdene	Aberdeen	1
[Saint Omer	St. Omer	1
Printed at Roan [i.e. Dublin]	Dublin	1
[Wesel?] imprinted	Wesel	1
Imprinted at Lo[n]don	London	1
Gaunt	Gaunt	1
Ghedruckt tot Londen [i.e. The Netherlands]	Amsterdam	1
[Netherlands?	Amsterdam	1
[Westminister	London	1
Londini [i.e. Amsterdam?]	Amsterdam	1
Printid at Lyons	Lyon	1
[Imprynted at Londo[n]	NA	1
[Ghent]	Ghent	1
[Pomadie i.e. London?	London	1
At Lyons	Lyon	1
[Rome	Rome	1
Printed in Amsterdam	Amsterdam	1
Imprinted at Lodnon	London	1
Londidi [sic]	London	1
[Imprinted at Roan by Martin Mesgissier, the kinges printer. 1585. With priuiledge. And imprinted at London	NA	1
[Enprynted by me William Caxton in thabbey of Westme[n]stre by london, fynysshed, and accomplysshed the, viij, day of October, the yere of the incatnacyon of our lord God, M,CCCC,lxxxij and in the xxii yere of the regne of Kyng Edward the fourth	NA	1
Prentyd at London	NA	1
[Imprinted at Lu[n]don	London	1
[Germany?]	Hamburg	1
At Dort	Dort	1
at. Dort [i.e. London]	London	1
at. Dort	Dort	1
[Emprynted at westmynstre	NA	1
Printed at Mackline [i.e. Mechlin]	Mechelen	1
Printed at Midelburge [i.e. London]	London	1
A Lyon	Lyon	1
[Excusum Lonini	London	1
Imprinted at the Hage [i.e. London]	London	1
Printed at Altmore [i.e. London]	London	1
Imprentit at Striuiling [i.e. London]	London	1
Printed at Amsterdam [i.e. England?]	London	1
Printed at Prague [i.e London]	London	1
[Holland?]	Amsterdam	1
[England]	London	1
Imprinted in Aberdene	Aberdeen	1
Stampata in Londra	London	1
Anuersa [i.e. London	London	1
Edimburgi [i.e. Basel	Basel	1
Printed at the Hayf [sic, i.e. London]	London	1
Printed at the Hage [i.e. London	London	1
London, Printed Ianuary 11. 1640	London	1
In Aberdene	Aberdeen	1
Printed in Aberdene [i.e. Edinburgh]	Edinburgh	1
[Rheins	Reims	1
[Printed at Oxforde	Oxford	1
Printed at Cullen [i.e. Mechlin] with licence	Mechelen	1
Imprinted at London [i.e. Wesel?]	Wesel	1
[Leiden	Leiden	1
Printed at Vtrecht [i.e. France?]	Paris	1
Printed at Goricom [Gorinchem, i.e. London]	London	1
Printed at the Hage [i.e. London]	London	1
Printed at Dort [i.e. London	London	1
[[Westmestre]	London	1
Printed at Antvverp	Antwerp	1
From Roane [i.e. London?]	London	1
[[Imprinted at Londo[n]	London	1
[[Imprynted at London	NA	1
Imprynted at Ca[n]terbury	NA	1
Prynted at Canterbury	NA	1
Rothomagi [i.e. London]	London	1
Printed in Elesium [sic] [i.e. London]	London	1
[At Edinburgh ye 17. day of July	NA	1
[Imprinted at Basil [i.e. Emden]	Emden	1
Impresso en Leon [i.e. London	London	1
[Coventry	Coventry	1
[East Molesey, Surrey	London	1
[Imprinted in Londo[n]	London	1
Edinburgh [i.e. Amsterdam]	Amsterdam	1
[Impressa in Londre	London	1
Middleborrow	Middelburg	1
[Enprynted in London	NA	1
[Dort?	Dort	1
Excudebat Londini	London	1
A Londres [i.e. France?]	Paris	1
Edinburgh [i.e Amsterdam]	Amsterdam	1
At Oxforde	Oxford	1
Impresso en Paris [i.e. Oxford]	Oxford	1
[Southwark	London	1
Gedruct tot Noortwitz [i.e. Norwich, actually Leeuwarden	Leeuwarden	1
In Piacenza [i.e. London]	London	1
[Printed at Basill [i.e. Antwerp]	Antwerp	1
[Impressu[s] Londonijs	London	1
Excusum Cantabrigiae	Cambridge	1
[From Wittonburge [i.e. London?]	London	1
Midddelburgh[sic]	Middelburg	1
[Imprinted at Luneberge [i.e. Antwerp]	Antwerp	1
[Imprintyd at London	NA	1
[Enpre[n]tyd in the Duchye of Braband in the towne of Andewarpe	NA	1
At Delft	Delft	1
Lugduni Batauorum	Leiden	1
Printed at Antwerpe [i.e. London	London	1
Translated out of the High-Dutch, and printed at London	NA	1
[Impressum Romae [i.e. Cologne]	Cologne	1
[Amsterdam?]	Amsterdam	1
[Aberdene	Aberdeen	1
At Doway	Douai	1
[St. Omer	St. Omer	1
Printed at Rochel [i.e. London	London	1
[Enprynted at Londo[n]	NA	1
[Sanctus albanus	St. Albans	1
[Strasbourg	Strasbourg	1
[Antwerp?	Antwerp	1
[Londen [i.e. Antwerp?]	Antwerp	1
[Louvain]	Louvain	1
[Emprented in ye famous cite of Andwarpe	NA	1
At Striveling in Scotlande [i.e. London	London	1
Edimburgi [i.e. London	London	1
Printed at Amsterdam [i.e. London	London	1
In s'Graven Haghe [i.e. London?]	London	1
Printed at Delft	Delft	1
At Delph	Delft	1
[Imprynted at Lo[n]don	NA	1
[Excussum [sic] Londini	London	1
Impryntid at London [i.e. Strasbourg]	Strasbourg	1
Printed at Geneua	Geneva	1
[Heidelberg	Heidelberg	1
[Salamanca	Salamanca	1
Printet [sic], at Amsterdam	Amsterdam	1
1575. Imprinted at London	London	1
Lovanni	Louvain	1
At. Dort	Dort	1
Na de copye, Gedruckt tot Edinburgh	Edinburgh	1
Imprinted at Antwerp	Antwerp	1
[East Molesey	East Molesey	1
[La Rochelle	La Rochelle	1
[Wesel?]	Wesel	1
Imprime a Londres	London	1
Colloniæ [i.e. Paris	Paris	1
Anno. 1563. Imprinted at London	London	1
[Imprynted at London in Temstrete ouer agaynste the stiliardes, at the signe of the dobbel hood	NA	1
An. Do. 1555. Londini	London	1
Europe [i.e. London?]	London	1
Printed at Edenburgh	Edinburgh	1
Printed, by His Majesties command, at Oxford	NA	1
Sur l'imprimeà́ Londres	London	1
[Dublin reprinted	Dublin	1
[Leiden]	Leiden	1
Imprimées a La Haye, [i.e. London	London	1
A Whitehall [i.e. Holland?]	Amsterdam	1
Lodnon [i.e. London]	London	1
Oxonii [i.e. Amsterdam]	Amsterdam	1
Printed at London, and re-printed at Leith	NA	1
[[Campbeltown]	Campbeltown	1
Caen	Caen	1
[n.l.	unknown	1
Printed at Cork	Cork	1
Re-printed at York	York	1
[Newcastle upon Tyne?]	Newcastle	1
Imprimé a Dublin	Dublin	1
Printed and sold in York	York	1
Iuly, 12. London	London	1
[Hamburg?	Hamburg	1
[Edinburgh] Re-printed at Edinburgh	NA	1
Gedruckt naer de copy van Londen	London	1
Printed at London, and reprinted at Dublin	NA	1
Printed in VVaterford	Waterford	1
Genevah [i.e. Newcastle?]	Newcastle	1
London printed, ;;and Edinburgh re-printed	London	1
Edinburgh]	Edinburgh	1
A Londres.	London	1
At York	York	1
By order, re-printed at Edinburgh	NA	1
[Printed at London, and re-printed at Aberdene	NA	1
London [i.e. Oxford?]	Oxford	1
[Edinburgh] London printed, Edinburgh re-printed	NA	1
Imprinted at Oxford [i.e. London]	London	1
[Lo]ndon	London	1
Nondon [sic]	London	1
Gedrukt tot Londen	London	1
[[Scotland?]	Edinburgh	1
Londen	London	1
Maybol [i.e. Edinburgh?]	Edinburgh	1
Imprinted at [Dublin]	Dublin	1
Dondon [sic]	London	1
Printed at St. Germans	St. Germans	1
Dublin :;And re-printed at Edinburgh	Dublin	1
Eleutheropoli [i.e. Amsterdam?]	Amsterdam	1
Lonon [sic, i.e. London]	London	1
London :;Edinburgh	London	1
At Doway [i.e. Douai]	Douai	1
[Douai?	Douai	1
[Camridge	Cambridge	1
[London] .	London	1
Oxoford [sic]	Oxford	1
Printed at Edingborough [i.e. London	London	1
[Edinburgh] London printed, and re-printed at Edinburgh	NA	1
[Glasgow] London printed, and re-printed at Glasgow	NA	1
[Paris? or Louvain?	Paris	1
Printed at London, ;;and re-printed at Edinburgh	London	1
[In the Savoy, i.e. London]	London	1
[Waterford?	Waterford	1
In the Savoy :;Edinburgh	London	1
Re-printed at Aberdeen	Aberdeen	1
[Edinburgh] Printed at Dublin, and re-printed at Edinburgh	NA	1
Edinburgh :bprinted by the heir of Andrew Anderson, printer to His most Sacred Majesty	NA	1
NA	NA	1
[France?	Paris	1
[Chester?	Chester	1
[Reprinted at Dublin	Dublin	1
[Ireland	Dublin	1
[Reprinted at Oxford	Oxford	1
[Antwerp]	Antwerp	1
Printed first at London, and now re-printed at Edinburgh	NA	1
London [i.e. Holland?	Amsterdam	1
London '	London	1
[London :bs.n.]	London	1
[London :bs.n.	London	1
[Printed at Dublin	Dublin	1
London :printed by T. Moore in White-Fryers	NA	1
[London or Oxford?]	London	1
[A Londres	London	1
Tot Amsteldam	Amsterdam	1
Ter Goude	Gouda	1
Bellositi Dobunorum [Oxford]	Oxford	1
Printed in Chester	Chester	1
Printed ad the Haghe [i.e. Hague]	The Hague	1
Edinburg [i.e. Edinburgh]	Edinburgh	1
And printed at Paris	Paris	1
Imprinted at York by Robert Barker	York	1
Londo [i.e., London]	London	1
Lond[on]	London	1
Re-printed at Cologne [i.e. London	London	1
Oxon.	Oxford	1
Jmprinted at Dublin	NA	1
Edinburgh :;And re-printed at London	Edinburgh	1
Lond[ini].	London	1
Lonodn [sic]	London	1
[Chatham?	Chatham	1
[S.l]	NA	1
Holy-Rood-House [Edinburgh]	Edinburgh	1
Eleutheropoli [i.e. London]	London	1
[[London ?]	London	1
Imprimee a Edenburg	Edinburgh	1
Muscovia [i.e. London?]	London	1
[London] printed	London	1
Re-printed at London	London	1
Printed in Delff	Delft	1
[Eclinburgh	Edinburgh	1
Dublin reprinted	Dublin	1
Lovain printed	Louvain	1
Agraphwyd yn y Mwythig	Shrewsbury	1
London : Printed for Iohn Richman	London	1
[Waterford, Ireland]	Waterford	1
Boston in New England	Boston Ma	1
[Paganopoli [i.e. London]	London	1
[[S.l.	NA	1
Printed at Edinburgh [i.e. London?]	London	1
Hagh [The Hague]	NA	1
[Leith?]	Edinburgh	1
Imprinted first at London and reprinted at Edinburgh	NA	1
[Boston [Mass.]	Boston Ma	1
Corck	Cork	1
[Hague]	The Hague	1
Edynburgh	Edinburgh	1
[Printed at Amsterdam in the year 1688	Amsterdam	1
[Waterford]	Waterford	1
Tot de Hague	The Hague	1
[Cambridge, Cambridgeshire]	Cambridge	1
[London] :bPrinted for Edward Husband, printer to the Honorable House of Commons	NA	1
[Imprinted at York	York	1
London :[	London	1
Anwerpe [i.e. Antwerp]	Antwerp	1
Gedrukt zu Edenburg in Schottland	Edinburgh	1
Gedrukt tot Edenburg in Schotland	Edinburgh	1
[Amsterdam, i.e. London]	London	1
Tet Londen	London	1
In's Graven-Hage	The Hague	1
[London? :s.n.	London	1
Stampata in Dublino	Dublin	1
[A]t Amsterdam	Amsterdam	1
Se vend à Londres	London	1
[[Cambridge]	Cambridge	1
[London] White-Hall, St. Barnabas's Festival	London	1
Buckden	Buckden	1
Printed by His Majesties command at Oxford, [i.e. London]	London	1
Ediburgh [sic]	Edinburgh	1
A Francefort, [Et à Londres]	Frankfurt	1
Londor [i.e. London]	London	1
Tot London	London	1
Printed in Corcke	Cork	1
At Lille	Lille	1
[Ediburgh	Edinburgh	1
[The Netherlands	Amsterdam	1
[Printed at Cockenay [i.e. Edinburgh]	Edinburgh	1
A Francfort	Frankfurt	1
A Londres [i.e. Netherlands]	Amsterdam	1
[London or Middelburgh?	London	1
[Exon	Exeter	1
Printed by His Majesties command at Oxford [i.e. London] Decemb. 15.	London	1
[Printed at Kilkenny	Kilkenny	1
At the Hague	The Hague	1
Printed by His Majesties command, at Oxford, Ianuary 5.	NA	1
Parisiis [i.e. Dublin]	Dublin	1
London[	London	1
London in Engelland	London	1
By order re-printed at Edinburgh	NA	1
Haghe [i.e. The Hague]	The Hague	1
Gedruckt in Londen	London	1
Imprimé a Londres	London	1
[Oxford (i.e. London?)]	London	1
Gedruckt zu Londen in Engelland	London	1
Printed at Boston in New-England [and London]	Boston Ma	1
Printed by His Majesties command at Oxford, March 25	NA	1
And re-printed at Dublin	Dublin	1
Londini excussum	NA	1
Printed to [sic] Leyden	Leiden	1
Printed by His Majesties command at Oxford, Decemb. 21	NA	1
Oxford [i.e. London?	London	1
Eirenopoli [i.e. Edinburgh	Edinburgh	1
[S.n.	NA	1
Printed by his Majesties command, at Oxford	NA	1
Londoa [sic, i.e. London]	London	1
May 17. London	London	1
Amidst the Babylonians [i.e. London or Edinburgh]	London	1
Printed by His Maiesties command, at Oxford [i.e. London]	London	1
Tot Londen [i.e. the Netherlands]	Amsterdam	1
Eleutheropoli [i.e. London?]	London	1
printed at London	London	1
Imprinted at Exeter	Exeter	1
March 23. London	London	1
Anwerp [i.e. Antwerp]	Antwerp	1
Printed at the Hague [i.e. London]	London	1
Printed at Loydon [sic]	London	1
Franckfurt	Frankfurt	1
Imprinted by London	London	1
[Hague?	The Hague	1
Lodnon [sic]	London	1
And printed at London	London	1
Edenburgi [i.e. London	London	1
[Göteborg	Gothenburg	1
At Gottenberge	Gothenburg	1
Europe	Europe	1
t'Amsterdam [i.e. Amsterdam]	Amsterdam	1
Hagve	The Hague	1
London: London [sic]	London	1
At Paris, [i.e. London]	London	1
Printed at New-Munster [i.e. London	London	1
Dublinij	Dublin	1
Lodnon[sic]	London	1
Octob. 13. London	London	1
Southwark	London	1
Imprinted at Londs [i.e. London]	London	1
Printed at Colechester	Colchester	1
Londod [i.e. London]	London	1
Printed, at Mongomery, heretofore called Oxford [i.e. London	London	1
Caen [i.e. London]	London	1
Trajecti [i.e. London?	London	1
Printed at Caen	Caen	1
Printed at Douay	Douai	1
Printed at Madrid [i.e. London	London	1
[The Hague	The Hague	1
[Printed at Edinburgh	Edinburgh	1
[Delft?	Delft	1
Imprinted at Lond[o]n	London	1
Londn [sic]	London	1
Printed at London, to prevent mis-information	NA	1
Imprinnted [sic] at London	NA	1
Londini [i.e. London]	London	1
Printed in Edenborough	Edinburgh	1
Printed at Oxford [i.e. London?	London	1
Imprinted at Attalia [i.e. London	London	1
Londo n [i.e. London]	London	1
[London?s.n.	London	1
And reprinted at London	London	1
Octob. 9. London	London	1
Tot Rotterdam	Rotterdam	1
A Londres [i.e. the Hague]	The Hague	1
Imprinted at Dublin, and now reprinted at London	NA	1
[[London?	London	1
[London] : Printed for Tom Tell-troth at the sign of the Old Kings Head in Axe-yard in King street, Westminster	NA	1
At Antwerp	Antwerp	1
[Oxford i.e. London]	London	1
[Imprinted at Dublin [i.e. London]	London	1
Printed by His Majesties command at Oxford [i.e. London], February 24. By Leonard Lichfield, printer to the university.	NA	1
Aug. 27. Printed at London	London	1
Lovain	Louvain	1
September 6. London	London	1
Londn [sic, i.e. London]	London	1
London [i.e. Amsterdam?	Amsterdam	1
Oxford [and London]	NA	1
[s.l.]	NA	1
Printed at York [i.e. London]	London	1
[London, i.e. Oxford	Oxford	1
[Lodon?	London	1
Oxoniæ [i.e. London]	London	1
Dicæopoli [i.e. London]	London	1
At New-York	New York N.Y	1
Juxta emplar [sic], Londini	London	1
Londini [i.e., Gouda?]	Gouda	1
Reprinted in London	London	1
At Cambridge	Cambridge	1
[Rochester?	Rochester	1
[London] imprinted	London	1
[S.l. : s.n.	NA	1
Published at Paris [i.e. London]	London	1
Shuffled at London	London	1
Gateshead	Gateshead	1
Cambridge [Cambridgeshire]	Cambridge	1
Shrewsbury [Shropshire]	Shrewsbury	1
[Edingburgh?	Edinburgh	1
Lon[don]	London	1
Amsterdam [i.e. London	London	1
[Printed at Cambridge	Cambridge	1
[Printed at Oxford [i.e. London?]	London	1
Neapoli sive Augustæ Trinobantûm [i.e. London]	London	1
Imprinted at Yorke, and now reprinted at London	NA	1
[Oxford [i.e. London]	London	1
Printed at Edingborough [i.e. London]	London	1
Lomdon [sic]	London	1
Printed by His Majesties command, at Oxfokd [sic, i.e. London], Janur. 5.	London	1
Lond. [i.e. London]	London	1
[Londo]n	London	1
Oxford [i.e.London]	London	1
[S.n.]	NA	1
Prinetd at London	London	1
Doublin [sic]	Dublin	1
Printed by His Majesties command at Oxford, Novemb.18.	NA	1
Lindon [i.e. London]	London	1
Londini [i.e. Gouda?]	Gouda	1
Printed at Aberdeen	Aberdeen	1
Yorke, [i.e. London]	London	1
Iuly, 4. London	London	1
June 13. London	London	1
Iune 27. London	London	1
Printed by His Maiesties command at Oxford	NA	1
[Dublin] London: printed and re-printed	NA	1
[Printed at Oxford [i.e. London]	London	1
[London]January, 2	London	1
London ,i [sic]	London	1
Printed at Boston in New England [and London]	Boston Ma	1
Printed by His Majesty command at Oxford	NA	1
[Hamborough	Hamburg	1
[Reprinted at London	London	1
March 11. 1643. London	London	1
March 6. 1643. London	London	1
[Cambridge, Mass	Cambridge Ma	1
Loneon [i.e. London]	London	1
ondon [i.e. London]	London	1
[Savanna-la-Mar] Jamaica	Savanna-la-Mar Jamaica	1
[Cap François, Haiti]	Cap Haitien	1
St. George's Town [Grenada]	St George's grenada	1
[St. Johns?] Antigua	St. John's Antiqua	1
St. Jago de la Vega [i.e. Spanish Town], Jamaica]	Spanish Town Jamaica	1
A La Trinité Martinique	St. Pierre Martinique	1
A Saint-Pierre [Martinique]	St. Pierre Martinique	1
Quebec [i.e. Quebec City, Canada]	Quebec	1
Boston, N.E. [Mass.]	Boston Ma	1
[Concord] New Hampshire	Concord N.H	1
[Haverhill, N.H.]	Haverhill N.H	1
Worcester (Massachusetts)	Worcester Ma	1
Lanca̋ster [Pa.]	Lancaster Pa	1
[Cork, Ireland	Cork	1
Strabane [Ireland]	Strabane	1
[Clonmel, Ireland]	Clonmel	1
Wexford [Ireland]	Wexford	1
Portland (District of Maine)	NA	1
[Bridgeton, N.J.]	Bridgeton N.J	1
New-York [N.Y.]	New York N.Y	1
[New York, [N.Y.]]	New York N.Y	1
Salem (State of New York)	Salem N.Y	1
Newburgh (Orange County) [N.Y.]	Newburgh N.Y	1
Mount Pleasant [i.e. Ossining, N.Y.]	Ossining N.Y	1
Scipio (Onondaga County, S.N.Y.)	Scipio N.Y	1
Kingston, [Jamaica]	Kingston Jamaica	1
Caerlleon [Chester, England]	Chester	1
Caerfyrddin [Carmarthen, Wales]	Carmarthen	1
Trefecca [Breconshire, Wales]	Trefeca	1
[Richmond, Va.]	Richmond Va	1
Dublin [Ireland ]	Dublin	1
Basseterre, in St. Christopher's [St.Kitts-Nevis]	NA	1
Schenectady, (State of New-York)	NA	1
Paris: (Bourbon County[) Ky.]	Paris Ky	1
Fredericksburg [Va.]	Fredicksburg Va	1
[London, England ]	London	1
a Londres [London, England]	London	1
Londres [London, England]	London	1
[York, England	York	1
Hartford [i.e. Hertford, England]	Hertford	1
Madras	Madras India	1
Bridge-Town [Barbados]	Bridgetown Barbados	1
Drogheda [Ireland]	Drogheda	1
[Cork, [Ireland]	Cork	1
[Hereford, England]	Hereford	1
Bath, County of Steuben, State of New-York	NA	1
New-York (N.Y.)	New York N.Y	1
New Brunswick [N.J.]	New Brunswick N.J	1
Bombay [India]	Bombay	1
[Coventry, England]	Coventry	1
Oxford [England]	Oxford	1
Knoxville, Tenn.	Knoxville Tn	1
Charleston (South Carolina)	Charleston S.C	1
[Washington, D.C.]	Washington D.C	1
Newfield, (Fairfield County) [Bridgeport, Conn.]	Newfield Ct	1
City of Washington [D.C.]	Washington D.C	1
[Knoxville, Tenn.]	Knoxville Tn	1
[Geneva, N.Y.]	Geneva N.Y	1
A Boston [Mass.]	Boston Ma	1
Litchfield, Conn.	Litchfield Ct	1
Philadelphia, Pa.	Philadelphia Pa	1
Charlestown [Charleston, S.C.]	Charleston S.C	1
[New-York, N.Y	New York N.Y	1
[Hartford, Conn.	Hartford Ct	1
Woodbridge, in New Jersey	Woodbridge N.J	1
Edinburgh [Scotland	Edinburgh	1
[Norwich, England	Norwich	1
Dublin, [Ireland]	Dublin	1
Roscrea [Ireland]	Roscrea	1
[Bury, England]	Bury	1
[Newark, England]	Newark	1
[Dundee [Scotland]	Dundee	1
Dundee [Scotland]	Dundee	1
[Newcastle upon Tyne, England	Newcastle	1
Wilmington [North Carolina]	Wilmington N.C	1
Salisbury, [North Carolina]	Salisbury N.C	1
Newbern [North Carolina]	New Bern N.C	1
[Hillsborough, North Carolina	Hillsborough N.C	1
[Edenton, North Carolina	Edenton N.C	1
London [England] printed.	London	1
Richmond, Virginia	Richmond Va	1
London (England)	London	1
[Edinburgh?, Scotland	Edinburgh	1
Lewes [England]	Lewes	1
Amsterdam [Netherlands	Amsterdam	1
Wokingham [England]	Wokingham	1
[Stafford, England]	Stafford	1
Gloucester [England] printed	Gloucester	1
Quebec [Canada]	Quebec	1
A Quebec [Canada]	Quebec	1
[Kingston] Jamaica	Kingston Jamaica	1
Colchester [England]	Colchester	1
Frederick-Town: (state of Maryland)	NA	1
Wilmington [Delaware]	Wilmington De	1
[London (England)	London	1
Newburgh (Ulster County )[N.Y.]	Newburgh N.Y	1
[Roseau], Dominica	Roseau Dominica	1
Roseau, Dominica	Roseau Dominica	1
[Basseterre, St. Christopher [St.Kitts-Nevis]]	Basseterre Saint Kitts	1
Basseterre, St. Christopher [St.Kitts-Nevis]	Basseterre Saint Kitts	1
[Basseterre, St. Christopher [St.Kitts-Nevis]	Basseterre Saint Kitts	1
Basseterre, St. Christopher [i.e. St.Kitts-Nevis]	Basseterre Saint Kitts	1
Newry [Ireland]	Newry	1
[Coventry, England	Coventry	1
[Basseterre, St. Christopher's [i.e. St.Kitts-Nevis]]	Basseterre Saint Kitts	1
Paris :;in London	Paris	1
[Kendal, England]	Kendal	1
Alnwick [England]	Alnwick	1
London [and Birmingham, England]	NA	1
[Leith, Scotland]	Edinburgh	1
Nottingham, [England]	Nottingham	1
[Edinburgh [Scotland]	Edinburgh	1
[Limerick, Ireland]	Limerick	1
Tralee [Ireland]	Dublin	1
[Winchester; Salisbury, England]	Winchester	1
[Preston England]	Preston	1
[Preston, England]	Preston	1
Yeovil [England]	Yeovil	1
Southampton [England]	Southampton	1
Tripilo [i.e. Dublin, Ireland]	Dublin	1
Warrington [England]	Warrington	1
Marlborough [England]	Marlborough	1
[Lincoln, England]	Lincoln	1
Wolverhampton [England]	Wolverhampton	1
[Printed by J. and T. Dormer, in Black and White Court in the Old Baily, where advertisements and letters are taken in ].	NA	1
A Jersey [Saint Helier (Channel Islands)]	St. Helier	1
[Shrewsbury, England]	Shrewsbury	1
St. Edmunds-Bury [Bury St. Edmunds, England]	Bury St. Edmunds	1
Londini [London, England]	London	1
Londra [London, England]	London	1
[Oxf]ord [England]	Oxford	1
Shelburne [Nova Scotia]	Shelburne Nova Scotia	1
[Perth, Scotland	Perth	1
Perth, Scotland	Perth	1
Portsmouth, (in New Hampshire)	Portsmouth N.H	1
Portsmouth [N. H.]	Portsmouth N.H	1
Cashel [Ireland]	Cashel	1
Publié à Londres	London	1
[Winchester? England]	Winchester	1
[Saint Eustatius (Netherlands Antilles)]	St. Eustatius	1
[Bath, England	Bath	1
Mancheester [i.e. Manchester, England]	Manchester	1
Chester [England]	Chester	1
[Quebec, Quebec (Province)]	Quebec	1
[B]elfast [Ireland]	Belfast	1
[Belfast, Ireland]	Belfast	1
[Madras]	Madras India	1
Calcutta [India] :bprinted by James White	NA	1
Worcester [England]	Worcester	1
[Worcester, England	Worcester	1
Halifax [England]	Halifax	1
Montreal [Quebec]	Montreal	1
Newcastle [upon-Tyne, England]	Newcastle	1
[London England]	London	1
Newcastle Upon Tyne [England]	Newcastle	1
Boston, [Mass.]	Boston Ma	1
Montego-Bay [Jamaica]	Montego Bay	1
[Bridgetown? Barbados]	Bridgetown Barbados	1
Dublin [Ireland	Dublin	1
Gateside [Gateshead, Co. Durham, England]	Gateshead	1
London and Westminster [England]	London	1
Edinburgh, Scotland	Edinburgh	1
[Carmarthen, Wales]	Carmarthen	1
[Belfast, Northern Ireland	Belfast	1
[Londonderry, Ireland]	Londonderry	1
Reading, Berks. [England]	Reading	1
Maidstone [England]	Maidstone	1
Chelmsford [England]	Chelmsford	1
Saint John [New Brunswick]	St. John New Brunswick	1
St. George's [Saint George] Bermuda	St George's grenada	1
Sherborne [England]	Sherborne	1
[Sherborne, Dorset, England	Sherborne	1
Sherborne [Dorset, England]	Sherborne	1
London, England	London	1
London [England] printed	London	1
[Salisbury, England]	Salisbury	1
Carlisle [England]	Carlisle	1
Dublin [Ireland] : printed by Thomas Walsh, at Dick's Coffee-House in Skinner-Row, where printing work is done	NA	1
Dublin [Ireland] : printed by T[homas]. Walsh, in Skinner-Row; where advertisements are taken in, and all manner of printing work perform'd, at reasonable rates	NA	1
[Calcutta]	Calcutta	1
[Kingston-upon-Hull, England]	Hull	1
[[Sherborne, England]	Sherborne	1
Sarum [i.e. Salisbury, England]	Salisbury	1
Hertford [England]	Hertford	1
Fort St. George [i.e. Madras, India]	Madras India	1
[Dorchester. England]	Dorchester	1
Cirencester [England]	Cirencester	1
Montego-Bay, Jamaica	Montego Bay	1
[Reading, England]	Reading	1
New-Windsor, (Orange County [N.Y.])	New Windsor N.Y	1
Edenton [North Carolina]	Edenton N.C	1
Newton, (State of New-Jersey)	NA	1
Shepherd's-Town [W. Va.]	Shepherdstown Va	1
Cincinnati [Ohio]	Cincinnati Oh	1
Burlington (State of Vermont)	Burlington Vt	1
[Doncaster, England]	Doncaster	1
[[London, England	London	1
Perth [Scotland]	Perth	1
London [England], 1793	London	1
Petersburg [Va.]	Petersburg Va	1
Basseterre (St. Christopher) [i.e. St.Kitts-Nevis]]	Basseterre Saint Kitts	1
Burtons Coffee-House London	London	1
[Cork	Cork	1
[Saint Pierre?	St. Pierre Martinique	1
[Surry?	Kingston	1
[Nassau, Bahamas?	Nassau	1
[Minorca?	Minorca	1
[Dover?	Dover	1
[Lincoln?	Lincoln	1
[Roseau?	Roseau Dominica	1
[Königsberg?	Koningsberg	1
[Amelot [i.e. London?]	London	1
[Coventry? :bs.n.	Coventry	1
[Londres?	London	1
[Haarlem]	Haarlem	1
[Hereford?]	Hereford	1
[Gloucester?	Gloucester	1
Devizes	Devizes	1
Belfast : reprinted for William Mitchell	Belfast	1
Bishopstone, Sussex	Bishopstone	1
Londres [i.e. Hamburg	Hamburg	1
Kingston	Kingston	1
[Hull]	Hull	1
Dubln[i.e.Dublin]	Dublin	1
Londres [i.e. Abbeville]	Abbeville	1
[Rodborough?]	Rodborough	1
London Printed	London	1
[Lynn]	King's Lynn	1
Londres [i.e. Liége?]	Liege	1
Londres [i.e. Paris	Paris	1
[Hertford?	Hertford	1
Londres [i.e. Bouillon]	Bouillon	1
Blackburn	Blackburn	1
St. Christopher	London	1
Basil :;Paris	Basel	1
Greenock	Greenock	1
Iscæ Dunmoniorum	Exeter	1
Loldon [sic]	London	1
Londres [i.e. Rouen]	Rouen	1
Oxoni?	Oxford	1
Drogheda	Drogheda	1
Londres [i.e.Paris]	Paris	1
A Londres, et se trouve a Paris	NA	1
Edinburg	Edinburgh	1
Brysto	Bristol	1
Harlow	Harlow	1
Egham	Egham	1
Londres [i.e. Trevoux]	Trevoux	1
Northallerton	Northallerton	1
Leipzig	Leipzig	1
Coventry	Coventry	1
Londres[i.e. Paris]	Paris	1
[Houghton Park]	Houghton Park	1
Bombay	Bombay	1
